1980,482999,APIARY PRODUCTS BEESWAX ,1,Alameda ,  ,  ,2160,2,LBS. ,3400
1980,481999,APIARY PRODUCTS HONEY ,1,Alameda ,  ,  ,125280,1,LBS. ,63000
1980,486999,APIARY PRODUCTS POLLIN. FEES ,1,Alameda ,  ,  ,2160,14,COL. ,30000
1980,113999,BARLEY UNSPECIFIED ,1,Alameda ,4975,1.14,5671,121,TONS ,684000
1980,239999,BERRIES BUSHBERRIES UNSPEC. ,1,Alameda ,17,  ,  ,  ,TONS ,113000
1980,409999,CATTLE & CALVES UNSPECIFIED ,1,Alameda ,  ,  ,  ,  ,  ,6638000
1980,314999,CAULIFLOWER UNSPECIFIED ,1,Alameda ,2200,3.93,8650,460,TONS ,3981000
1980,604999,CHICKENS BROILERS ,1,Alameda ,  ,  ,  ,  ,  ,2016000
1980,851999,CHRISTMAS TREES & CUT GREENS ,1,Alameda ,  ,  ,  ,  ,  ,263000
1980,198999,FIELD CROPS UNSPECIFIED ,1,Alameda ,3980,  ,  ,  ,  ,1001000
1980,867171,FLOWERS CARNATION CUT MIN. ,1,Alameda ,  ,  ,  ,  ,  ,260000
1980,867170,FLOWERS CARNATION CUT STD. ,1,Alameda ,  ,  ,  ,  ,  ,1203000
1980,867209,FLOWERS CHRYSNTH. UNSPEC. ,1,Alameda ,  ,  ,  ,  ,  ,223000
1980,867999,FLOWERS CUT UNSPECIFIED ,1,Alameda ,  ,  ,  ,  ,  ,4847000
1980,867664,FLOWERS ROSES CUT MIN. ,1,Alameda ,  ,  ,  ,  ,  ,1077000
1980,867663,FLOWERS ROSES CUT STANDARD ,1,Alameda ,  ,  ,  ,  ,  ,7966000
1980,218899,FRUITS & NUTS UNSPECIFIED ,1,Alameda ,22,  ,  ,  ,  ,15000
1980,634999,GAME BIRDS PIGEONS & SQUABS ,1,Alameda ,  ,  ,  ,  ,  ,92000
1980,216299,GRAPES WINE ,1,Alameda ,1660,2.36,3918,542,TONS ,2125000
1980,181999,HAY ALFALFA ,1,Alameda ,550,5.12,2816,85,TONS ,238000
1980,188499,HAY GRAIN ,1,Alameda ,8775,1.88,16497,62,TONS ,1028000
1980,429999,HOGS & PIGS UNSPECIFIED ,1,Alameda ,  ,  ,  ,  ,  ,80000
1980,478999,LIVESTOCK PRODUCTS MISC. ,1,Alameda ,  ,  ,  ,  ,  ,333000
1980,864999,NURSERY PLANTS BEDDING ,1,Alameda ,  ,  ,  ,  ,  ,6133000
1980,866999,NURSERY PLANTS POT'D UNSP ,1,Alameda ,  ,  ,  ,  ,  ,5985000
1980,863999,NURSERY FL. PROPG. MTRLS ,1,Alameda ,  ,  ,  ,  ,  ,4635000
1980,895999,NURSERY WOODY ORNAMNTALS ,1,Alameda ,  ,  ,  ,  ,  ,2190000
1980,194599,PASTURE IRRIGATED ,1,Alameda ,1465,  ,  ,  ,  ,85000
1980,194699,PASTURE RANGE ,1,Alameda ,192600,  ,  ,  ,  ,1953000
1980,411999,SHEEP ,1,Alameda ,  ,  ,  ,  ,  ,86000
1980,132999,SUGAR BEETS ,1,Alameda ,560,17.38,9733,48,TONS ,463000
1980,378199,TOMATOES FRESH MARKET ,1,Alameda ,37,10,370,214,TONS ,79000
1980,398999,VEGETABLES UNSPECIFIED ,1,Alameda ,1425,  ,  ,  ,  ,3864000
1980,263999,WALNUTS ENGLISH ,1,Alameda ,440,0.81,356,958,TONS ,341000
1981,482999,APIARY PRODUCTS BEESWAX ,1,Alameda ,  ,  ,1080,2,LBS. ,2100
1981,481999,APIARY PRODUCTS HONEY ,1,Alameda ,  ,  ,39000,1,LBS. ,20300
1981,486999,APIARY PRODUCTS POLLIN. FEES ,1,Alameda ,  ,  ,2000,20,COL. ,40000
1981,113999,BARLEY UNSPECIFIED ,1,Alameda ,4500,1.07,4815,117,TONS ,562000
1981,239999,BERRIES BUSHBERRIES UNSPEC. ,1,Alameda ,14,  ,  ,  ,TONS ,90500
1981,409999,CATTLE & CALVES UNSPECIFIED ,1,Alameda ,  ,  ,  ,  ,  ,8034000
1981,604999,CHICKENS BROILERS ,1,Alameda ,  ,  ,  ,  ,  ,2154000
1981,851999,CHRISTMAS TREES & CUT GREENS ,1,Alameda ,  ,  ,  ,  ,  ,366000
1981,198999,FIELD CROPS UNSPECIFIED ,1,Alameda ,4460,  ,  ,  ,TONS ,1281000
1981,867171,FLOWERS CARNATION CUT MIN. ,1,Alameda ,  ,  ,  ,  ,  ,298000
1981,867170,FLOWERS CARNATION CUT STD. ,1,Alameda ,  ,  ,  ,  ,  ,1144000
1981,867209,FLOWERS CHRYSNTH. UNSPEC. ,1,Alameda ,  ,  ,  ,  ,  ,365000
1981,867999,FLOWERS CUT UNSPECIFIED ,1,Alameda ,  ,  ,  ,  ,  ,3705000
1981,867664,FLOWERS ROSES CUT MIN. ,1,Alameda ,  ,  ,  ,  ,  ,1380000
1981,867663,FLOWERS ROSES CUT STANDARD ,1,Alameda ,  ,  ,  ,  ,  ,8580000
1981,218899,FRUITS & NUTS UNSPECIFIED ,1,Alameda ,24,  ,  ,  ,TONS ,19000
1981,634999,GAME BIRDS PIGEONS & SQUABS ,1,Alameda ,  ,  ,  ,  ,  ,59000
1981,216299,GRAPES WINE ,1,Alameda ,1725,2.82,4860,548,TONS ,2662000
1981,181999,HAY ALFALFA ,1,Alameda ,710,7.25,5147,81,TONS ,418000
1981,188499,HAY GRAIN ,1,Alameda ,10000,1.3,13000,65,TONS ,847000
1981,429999,HOGS & PIGS UNSPECIFIED ,1,Alameda ,  ,  ,  ,  ,  ,91000
1981,478999,LIVESTOCK PRODUCTS MISC. ,1,Alameda ,  ,  ,  ,  ,  ,354000
1981,864999,NURSERY PLANTS BEDDING ,1,Alameda ,  ,  ,  ,  ,  ,6539000
1981,866999,NURSERY PLANTS POT'D UNSP ,1,Alameda ,  ,  ,  ,  ,  ,5832000
1981,863999,NURSERY FL. PROPG. MTRLS ,1,Alameda ,  ,  ,  ,  ,  ,4787000
1981,895999,NURSERY WOODY ORNAMNTALS ,1,Alameda ,  ,  ,  ,  ,  ,2935000
1981,194599,PASTURE IRRIGATED ,1,Alameda ,760,  ,  ,  ,TONS ,40000
1981,194699,PASTURE RANGE ,1,Alameda ,211400,  ,  ,  ,TONS ,2463000
1981,419999,SHEEP & LAMBS UNSPECIFIED ,1,Alameda ,  ,  ,  ,  ,  ,124000
1981,132999,SUGAR BEETS ,1,Alameda ,650,13.08,8500,38,TONS ,323000
1981,398999,VEGETABLES UNSPECIFIED ,1,Alameda ,2650,  ,  ,  ,TONS ,6146000
1981,263999,WALNUTS ENGLISH ,1,Alameda ,415,1.14,475,1025,TONS ,487000
1982,482999,APIARY PRODUCTS BEESWAX ,1,Alameda ,  ,  ,6160,2,LBS. ,12300
1982,481999,APIARY PRODUCTS HONEY ,1,Alameda ,  ,  ,123200,1,LBS. ,68000
1982,486999,APIARY PRODUCTS POLLIN. FEES ,1,Alameda ,  ,  ,2500,18,COL. ,45000
1982,113999,BARLEY UNSPECIFIED ,1,Alameda ,3400,1.05,3555,119,TONS ,424000
1982,239999,BERRIES BUSHBERRIES UNSPEC. ,1,Alameda ,10,  ,  ,  ,TONS ,77000
1982,409999,CATTLE & CALVES UNSPECIFIED ,1,Alameda ,  ,  ,  ,  ,  ,9974000
1982,609999,CHICKENS UNSPECIFIED ,1,Alameda ,  ,  ,  ,  ,  ,2530000
1982,851999,CHRISTMAS TREES & CUT GREENS ,1,Alameda ,  ,  ,  ,  ,  ,413000
1982,198999,FIELD CROPS UNSPECIFIED ,1,Alameda ,655,  ,  ,  ,TONS ,210000
1982,867171,FLOWERS CARNATION CUT MIN. ,1,Alameda ,  ,  ,  ,  ,  ,309000
1982,867170,FLOWERS CARNATION CUT STD. ,1,Alameda ,  ,  ,  ,  ,  ,1150000
1982,867209,FLOWERS CHRYSNTH. UNSPEC. ,1,Alameda ,  ,  ,  ,  ,  ,307000
1982,867999,FLOWERS CUT UNSPECIFIED ,1,Alameda ,  ,  ,  ,  ,  ,2906000
1982,879999,FLOWERS FOLIAGE PLANTS ,1,Alameda ,  ,  ,  ,  ,  ,4193000
1982,867664,FLOWERS ROSES CUT MIN. ,1,Alameda ,  ,  ,  ,  ,  ,1593000
1982,867663,FLOWERS ROSES CUT STANDARD ,1,Alameda ,  ,  ,  ,  ,  ,9359000
1982,933999,FOREST PRODUCTS LUMBER ,1,Alameda ,  ,  ,  ,  ,B.F. ,51000
1982,218899,FRUITS & NUTS UNSPECIFIED ,1,Alameda ,20,  ,  ,  ,TONS ,15000
1982,634999,GAME BIRDS PIGEONS & SQUABS ,1,Alameda ,  ,  ,  ,  ,  ,54000
1982,216299,GRAPES WINE ,1,Alameda ,1610,3.93,6326,528,TONS ,3342000
1982,181999,HAY ALFALFA ,1,Alameda ,900,7.19,6471,90,TONS ,581000
1982,188499,HAY GRAIN ,1,Alameda ,3300,1.5,4954,61,TONS ,302000
1982,429999,HOGS & PIGS UNSPECIFIED ,1,Alameda ,  ,  ,  ,  ,  ,203000
1982,864999,NURSERY PLANTS BEDDING ,1,Alameda ,  ,  ,  ,  ,  ,6187000
1982,834999,NURSERY PLANTS VEG. BEDDING ,1,Alameda ,  ,  ,  ,  ,  ,350000
1982,863999,NURSERY FL. PROPG. MTRLS ,1,Alameda ,  ,  ,  ,  ,  ,4843000
1982,895999,NURSERY WOODY ORNAMNTALS ,1,Alameda ,  ,  ,  ,  ,  ,2984000
1982,194599,PASTURE IRRIGATED ,1,Alameda ,375,  ,  ,  ,TONS ,16000
1982,194699,PASTURE RANGE ,1,Alameda ,218000,  ,  ,  ,TONS ,2540000
1982,699999,POULTRY UNSPECIFIED ,1,Alameda ,  ,  ,  ,  ,  ,222000
1982,419999,SHEEP & LAMBS UNSPECIFIED ,1,Alameda ,  ,  ,  ,  ,  ,283000
1982,132999,SUGAR BEETS ,1,Alameda ,305,21.49,6553,35,TONS ,228000
1982,398999,VEGETABLES UNSPECIFIED ,1,Alameda ,2230,  ,  ,  ,TONS ,6905000
1982,263999,WALNUTS ENGLISH ,1,Alameda ,370,1.16,428,1079,TONS ,462000
1982,101999,WHEAT ALL ,1,Alameda ,3550,1.65,5859,129,TONS ,756000
1983,482999,APIARY PRODUCTS BEESWAX ,1,Alameda ,  ,  ,6800,2,LBS. ,13600
1983,481999,APIARY PRODUCTS HONEY ,1,Alameda ,  ,  ,112000,1,LBS. ,58200
1983,486999,APIARY PRODUCTS POLLIN. FEES ,1,Alameda ,  ,  ,2800,20,COL. ,56000
1983,113999,BARLEY UNSPECIFIED ,1,Alameda ,800,0.99,792,117,TONS ,93000
1983,239999,BERRIES BUSHBERRIES UNSPEC. ,1,Alameda ,7,  ,  ,  ,TONS ,64000
1983,409999,CATTLE & CALVES UNSPECIFIED ,1,Alameda ,  ,  ,  ,  ,  ,7746000
1983,609999,CHICKENS UNSPECIFIED ,1,Alameda ,  ,  ,  ,  ,  ,1870000
1983,851999,CHRISTMAS TREES & CUT GREENS ,1,Alameda ,  ,  ,  ,  ,  ,334000
1983,198999,FIELD CROPS UNSPECIFIED ,1,Alameda ,365,  ,  ,  ,  ,188000
1983,867171,FLOWERS CARNATION CUT MIN. ,1,Alameda ,  ,  ,  ,  ,  ,464000
1983,867170,FLOWERS CARNATION CUT STD. ,1,Alameda ,  ,  ,  ,  ,  ,1465000
1983,867209,FLOWERS CHRYSNTH. UNSPEC. ,1,Alameda ,  ,  ,  ,  ,  ,224000
1983,867999,FLOWERS CUT UNSPECIFIED ,1,Alameda ,  ,  ,  ,  ,  ,3187000
1983,879999,FLOWERS FOLIAGE PLANTS ,1,Alameda ,  ,  ,  ,  ,  ,3417000
1983,867664,FLOWERS ROSES CUT MIN. ,1,Alameda ,  ,  ,  ,  ,  ,1205000
1983,867663,FLOWERS ROSES CUT STANDARD ,1,Alameda ,  ,  ,  ,  ,  ,8667000
1983,933999,FOREST PRODUCTS LUMBER ,1,Alameda ,  ,  ,  ,  ,B.F. ,52000
1983,218899,FRUITS & NUTS UNSPECIFIED ,1,Alameda ,18,  ,  ,  ,  ,12000
1983,634999,GAME BIRDS PIGEONS & SQUABS ,1,Alameda ,  ,  ,  ,  ,  ,43000
1983,216299,GRAPES WINE ,1,Alameda ,1640,3.07,5042,424,TONS ,2137000
1983,181999,HAY ALFALFA ,1,Alameda ,725,6.19,4488,99,TONS ,444000
1983,188499,HAY GRAIN ,1,Alameda ,12650,1.55,19608,62,TONS ,1206000
1983,429999,HOGS & PIGS UNSPECIFIED ,1,Alameda ,  ,  ,  ,  ,  ,260000
1983,478999,LIVESTOCK PRODUCTS MISC. ,1,Alameda ,  ,  ,  ,  ,  ,315000
1983,864999,NURSERY PLANTS BEDDING ,1,Alameda ,  ,  ,  ,  ,  ,6490000
1983,834999,NURSERY PLANTS VEG. BEDDING ,1,Alameda ,  ,  ,  ,  ,  ,355000
1983,863999,NURSERY FL. PROPG. MTRLS ,1,Alameda ,  ,  ,  ,  ,  ,5166000
1983,895999,NURSERY WOODY ORNAMNTALS ,1,Alameda ,  ,  ,  ,  ,  ,3130000
1983,194599,PASTURE IRRIGATED ,1,Alameda ,495,  ,  ,  ,  ,25000
1983,194699,PASTURE RANGE ,1,Alameda ,218000,  ,  ,  ,  ,2476000
1983,419999,SHEEP & LAMBS UNSPECIFIED ,1,Alameda ,  ,  ,  ,  ,  ,78000
1983,132999,SUGAR BEETS ,1,Alameda ,155,11.79,1827,37,TONS ,67000
1983,398999,VEGETABLES UNSPECIFIED ,1,Alameda ,2050,  ,  ,  ,  ,4343000
1983,263999,WALNUTS ENGLISH ,1,Alameda ,357,0.92,328,579,TONS ,190000
1983,101999,WHEAT ALL ,1,Alameda ,2620,1.42,3720,132,TONS ,492000
1984,482999,APIARY PRODUCTS BEESWAX ,1,Alameda ,  ,  ,6900,1,LBS. ,9000
1984,481999,APIARY PRODUCTS HONEY ,1,Alameda ,  ,  ,120000,1,LBS. ,67200
1984,486999,APIARY PRODUCTS POLLIN. FEES ,1,Alameda ,  ,  ,2800,22,COL. ,61600
1984,113999,BARLEY UNSPECIFIED ,1,Alameda ,1550,0.97,1503,134,TONS ,201000
1984,239999,BERRIES BUSHBERRIES UNSPEC. ,1,Alameda ,4,  ,  ,  ,TONS ,44000
1984,409999,CATTLE & CALVES UNSPECIFIED ,1,Alameda ,  ,  ,  ,  ,  ,6716000
1984,604999,CHICKENS BROILERS ,1,Alameda ,  ,  ,  ,  ,  ,1926000
1984,851999,CHRISTMAS TREES & CUT GREENS ,1,Alameda ,  ,  ,  ,  ,  ,375000
1984,198999,FIELD CROPS UNSPECIFIED ,1,Alameda ,920,  ,  ,  ,  ,212000
1984,867171,FLOWERS CARNATION CUT MIN. ,1,Alameda ,  ,  ,  ,  ,  ,603000
1984,867170,FLOWERS CARNATION CUT STD. ,1,Alameda ,  ,  ,  ,  ,  ,1945000
1984,867209,FLOWERS CHRYSNTH. UNSPEC. ,1,Alameda ,  ,  ,  ,  ,  ,256000
1984,867999,FLOWERS CUT UNSPECIFIED ,1,Alameda ,  ,  ,  ,  ,  ,3334000
1984,879999,FLOWERS FOLIAGE PLANTS ,1,Alameda ,  ,  ,  ,  ,  ,2019000
1984,867664,FLOWERS ROSES CUT MIN. ,1,Alameda ,  ,  ,  ,  ,  ,1113000
1984,867663,FLOWERS ROSES CUT STANDARD ,1,Alameda ,  ,  ,  ,  ,  ,7899000
1984,218899,FRUITS & NUTS UNSPECIFIED ,1,Alameda ,16,  ,  ,  ,  ,11000
1984,634999,GAME BIRDS PIGEONS & SQUABS ,1,Alameda ,  ,  ,  ,  ,  ,40000
1984,216299,GRAPES WINE ,1,Alameda ,1672,3.16,5286,398,TONS ,2103000
1984,181999,HAY ALFALFA ,1,Alameda ,1050,5.91,6205,89,TONS ,553000
1984,188499,HAY GRAIN ,1,Alameda ,9500,1.47,13965,67,TONS ,936000
1984,429999,HOGS & PIGS UNSPECIFIED ,1,Alameda ,  ,  ,  ,  ,  ,66000
1984,478999,LIVESTOCK PRODUCTS MISC. ,1,Alameda ,  ,  ,  ,  ,  ,524000
1984,864999,NURSERY PLANTS BEDDING ,1,Alameda ,  ,  ,  ,  ,  ,3397000
1984,863999,NURSERY FL. PROPG. MTRLS ,1,Alameda ,  ,  ,  ,  ,  ,3673000
1984,895999,NURSERY WOODY ORNAMNTALS ,1,Alameda ,  ,  ,  ,  ,  ,4904000
1984,194599,PASTURE IRRIGATED ,1,Alameda ,380,  ,  ,  ,  ,17000
1984,194699,PASTURE RANGE ,1,Alameda ,221350,  ,  ,  ,  ,2700000
1984,419999,SHEEP & LAMBS UNSPECIFIED ,1,Alameda ,  ,  ,  ,  ,  ,77000
1984,398999,VEGETABLES UNSPECIFIED ,1,Alameda ,1955,  ,  ,  ,  ,4140000
1984,263999,WALNUTS ENGLISH ,1,Alameda ,252,0.88,221,760,TONS ,168000
1984,101999,WHEAT ALL ,1,Alameda ,3450,1.19,4105,118,TONS ,485000
1985,482999,APIARY PRODUCTS BEESWAX ,1,Alameda ,  ,  ,6700,1,LBS. ,9050
1985,481999,APIARY PRODUCTS HONEY ,1,Alameda ,  ,  ,115000,1,LBS. ,59800
1985,486999,APIARY PRODUCTS POLLIN. FEES ,1,Alameda ,  ,  ,2800,23,COL ,63250
1985,113999,BARLEY UNSPECIFIED ,1,Alameda ,1550,0.82,1269,123,TONS ,156000
1985,239999,BERRIES BUSHBERRIES UNSPEC. ,1,Alameda ,4,  ,  ,  ,TONS ,43000
1985,409999,CATTLE & CALVES UNSPECIFIED ,1,Alameda ,  ,  ,  ,  ,  ,6427000
1985,604999,CHICKENS BROILERS ,1,Alameda ,  ,  ,  ,  ,  ,1635000
1985,851999,CHRISTMAS TREES & CUT GREENS ,1,Alameda ,  ,  ,  ,  ,  ,489000
1985,198999,FIELD CROPS UNSPECIFIED ,1,Alameda ,2390,  ,  ,  ,TONS ,437000
1985,867171,FLOWERS CARNATION CUT MIN. ,1,Alameda ,  ,  ,  ,  ,  ,597000
1985,867170,FLOWERS CARNATION CUT STD. ,1,Alameda ,  ,  ,  ,  ,  ,1662000
1985,867999,FLOWERS CUT UNSPECIFIED ,1,Alameda ,  ,  ,  ,  ,  ,2974000
1985,879999,FLOWERS FOLIAGE PLANTS ,1,Alameda ,  ,  ,  ,  ,  ,4617000
1985,867664,FLOWERS ROSES CUT MIN. ,1,Alameda ,  ,  ,  ,  ,  ,1400000
1985,867663,FLOWERS ROSES CUT STANDARD ,1,Alameda ,  ,  ,  ,  ,  ,7218000
1985,218899,FRUITS & NUTS UNSPECIFIED ,1,Alameda ,9,  ,  ,  ,TONS ,6000
1985,634999,GAME BIRDS PIGEONS & SQUABS ,1,Alameda ,  ,  ,  ,  ,  ,22000
1985,216299,GRAPES WINE ,1,Alameda ,1501,3.55,5336,338,TONS ,1802000
1985,181999,HAY ALFALFA ,1,Alameda ,1145,6.2,7099,85,TONS ,602000
1985,188499,HAY GRAIN ,1,Alameda ,9725,1.32,12837,68,TONS ,869000
1985,429999,HOGS & PIGS UNSPECIFIED ,1,Alameda ,  ,  ,  ,  ,  ,261000
1985,478999,LIVESTOCK PRODUCTS MISC. ,1,Alameda ,  ,  ,  ,  ,  ,207000
1985,864999,NURSERY PLANTS BEDDING ,1,Alameda ,  ,  ,  ,  ,  ,3771000
1985,863999,NURSERY FL. PROPG. MTRLS ,1,Alameda ,  ,  ,  ,  ,  ,3161000
1985,895999,NURSERY WOODY ORNAMNTALS ,1,Alameda ,  ,  ,  ,  ,  ,6343000
1985,194599,PASTURE IRRIGATED ,1,Alameda ,390,  ,  ,  ,  ,21000
1985,194699,PASTURE RANGE ,1,Alameda ,203000,  ,  ,  ,  ,2519000
1985,419999,SHEEP & LAMBS UNSPECIFIED ,1,Alameda ,  ,  ,  ,  ,  ,76000
1985,398999,VEGETABLES UNSPECIFIED ,1,Alameda ,2391,  ,  ,  ,  ,4571000
1985,263999,WALNUTS ENGLISH ,1,Alameda ,197,0.84,165,661,TONS ,109000
1985,101999,WHEAT ALL ,1,Alameda ,2525,0.81,2045,108,TONS ,221000
1986,482999,APIARY PRODUCTS BEESWAX ,1,Alameda ,  ,  ,6800,1,LBS ,9250
1986,481999,APIARY PRODUCTS HONEY ,1,Alameda ,  ,  ,110000,1,LBS ,58300
1986,486999,APIARY PRODUCTS POLLIN. FEES ,1,Alameda ,  ,  ,2800,23,COL ,64400
1986,217999,APRICOTS ALL ,1,Alameda ,  ,  ,  ,  ,  , 
1986,113999,BARLEY UNSPECIFIED ,1,Alameda ,475,1.4,665,92,TON ,61000
1986,239999,BERRIES BUSHBERRIES UNSPEC. ,1,Alameda ,  ,  ,  ,  ,  , 
1986,310999,CABBAGE HEAD ,1,Alameda ,  ,  ,  ,  ,  , 
1986,409999,CATTLE & CALVES UNSPECIFIED ,1,Alameda ,  ,  ,  ,  ,  ,5958000
1986,314999,CAULIFLOWER UNSPECIFIED ,1,Alameda ,  ,  ,  ,  ,  , 
1986,604999,CHICKENS BROILERS ,1,Alameda ,  ,  ,  ,  ,  ,1470000
1986,851999,CHRISTMAS TREES & CUT GREENS ,1,Alameda ,  ,  ,  ,  ,  ,397000
1986,111991,CORN GRAIN ,1,Alameda ,  ,  ,  ,  ,  , 
1986,323999,CORN SWEET ALL ,1,Alameda ,  ,  ,  ,  ,  , 
1986,325999,CUCUMBERS ,1,Alameda ,  ,  ,  ,  ,  , 
1986,198999,FIELD CROPS UNSPECIFIED ,1,Alameda ,1015,  ,  ,  ,  ,254000
1986,867055,FLOWERS ASTERS CUT ,1,Alameda ,  ,  ,  ,  ,  , 
1986,867171,FLOWERS CARNATION CUT MIN. ,1,Alameda ,  ,  ,  ,  ,  ,555000
1986,867170,FLOWERS CARNATION CUT STD. ,1,Alameda ,  ,  ,  ,  ,  ,1926000
1986,867209,FLOWERS CHRYSNTH. UNSPEC. ,1,Alameda ,  ,  ,  ,  ,  , 
1986,867999,FLOWERS CUT UNSPECIFIED ,1,Alameda ,  ,  ,  ,  ,  ,5001000
1986,879999,FLOWERS FOLIAGE PLANTS ,1,Alameda ,  ,  ,  ,  ,  ,4805000
1986,867360,FLOWERS GARDENIAS CUT ,1,Alameda ,  ,  ,  ,  ,  , 
1986,867664,FLOWERS ROSES CUT MIN. ,1,Alameda ,  ,  ,  ,  ,  ,1226000
1986,867663,FLOWERS ROSES CUT STANDARD ,1,Alameda ,  ,  ,  ,  ,  ,6925000
1986,218899,FRUITS & NUTS UNSPECIFIED ,1,Alameda ,8,  ,  ,  ,  ,60900
1986,634999,GAME BIRDS PIGEONS & SQUABS ,1,Alameda ,  ,  ,  ,  ,  ,27000
1986,216299,GRAPES WINE ,1,Alameda ,1465,3.35,4908,356,TON ,1749000
1986,181999,HAY ALFALFA ,1,Alameda ,1240,6.24,7738,86,TON ,664000
1986,188499,HAY GRAIN ,1,Alameda ,11850,2.07,24530,58,TON ,1422000
1986,429999,HOGS & PIGS UNSPECIFIED ,1,Alameda ,  ,  ,  ,  ,  ,361000
1986,339999,LETTUCE UNSPECIFIED ,1,Alameda ,  ,  ,  ,  ,  , 
1986,478999,LIVESTOCK PRODUCTS MISC. ,1,Alameda ,  ,  ,  ,  ,  ,193000
1986,864999,NURSERY PLANTS BEDDING ,1,Alameda ,  ,  ,  ,  ,  ,5032000
1986,866559,NURSERY PLANTS ORCHID ,1,Alameda ,  ,  ,  ,  ,  , 
1986,863999,NURSERY FL. PROPG. MTRLS ,1,Alameda ,  ,  ,  ,  ,  ,2205000
1986,895999,NURSERY WOODY ORNAMNTALS ,1,Alameda ,  ,  ,  ,  ,  ,6138000
1986,112999,OATS GRAIN ,1,Alameda ,  ,  ,  ,  ,  , 
1986,194599,PASTURE IRRIGATED ,1,Alameda ,490,  ,  ,  ,ACRE ,26000
1986,194699,PASTURE RANGE ,1,Alameda ,194325,  ,  ,  ,ACRE ,2521000
1986,218299,PERSIMMONS ,1,Alameda ,  ,  ,  ,  ,  , 
1986,462999,RABBITS ,1,Alameda ,  ,  ,  ,  ,  , 
1986,158269,SAFFLOWER ,1,Alameda ,  ,  ,  ,  ,  , 
1986,419999,SHEEP & LAMBS UNSPECIFIED ,1,Alameda ,  ,  ,  ,  ,  ,94000
1986,378999,TOMATOES UNSPECIFIED ,1,Alameda ,  ,  ,  ,  ,  , 
1986,398999,VEGETABLES UNSPECIFIED ,1,Alameda ,1964,  ,  ,  ,  ,5054000
1986,263999,WALNUTS ENGLISH ,1,Alameda ,172,0.85,147,740,TON ,108800
1986,101999,WHEAT ALL ,1,Alameda ,1520,1.15,1748,84,TON ,147000
1986,472999,WOOL ,1,Alameda ,  ,  ,  ,  ,  , 
1987,482999,APIARY PRODUCTS BEESWAX ,1,Alameda ,  ,  ,6000,1,LBS ,8400
1987,481999,APIARY PRODUCTS HONEY ,1,Alameda ,  ,  ,100000,1,LBS ,54000
1987,486999,APIARY PRODUCTS POLLIN. FEES ,1,Alameda ,  ,  ,2500,23,COL ,57500
1987,217999,APRICOTS ALL ,1,Alameda ,  ,  ,  ,  ,  , 
1987,113999,BARLEY UNSPECIFIED ,1,Alameda ,400,0.7,280,82,TONS ,23000
1987,169999,BEANS DRY EDIBLE UNSPEC. ,1,Alameda ,  ,  ,  ,  ,  , 
1987,239999,BERRIES BUSHBERRIES UNSPEC. ,1,Alameda ,  ,  ,  ,  ,  , 
1987,310999,CABBAGE HEAD ,1,Alameda ,  ,  ,  ,  ,  , 
1987,409999,CATTLE & CALVES UNSPECIFIED ,1,Alameda ,  ,  ,  ,  ,  ,6258000
1987,314999,CAULIFLOWER UNSPECIFIED ,1,Alameda ,  ,  ,  ,  ,  , 
1987,604999,CHICKENS BROILERS ,1,Alameda ,  ,  ,  ,  ,  ,1713000
1987,851999,CHRISTMAS TREES & CUT GREENS ,1,Alameda ,  ,  ,  ,  ,  ,345000
1987,111991,CORN GRAIN ,1,Alameda ,  ,  ,  ,  ,  , 
1987,323999,CORN SWEET ALL ,1,Alameda ,  ,  ,  ,  ,  , 
1987,325999,CUCUMBERS ,1,Alameda ,  ,  ,  ,  ,  , 
1987,198999,FIELD CROPS UNSPECIFIED ,1,Alameda ,400,  ,  ,  ,  ,164000
1987,867055,FLOWERS ASTERS CUT ,1,Alameda ,  ,  ,  ,  ,  , 
1987,867171,FLOWERS CARNATION CUT MIN. ,1,Alameda ,  ,  ,  ,  ,  ,645000
1987,867170,FLOWERS CARNATION CUT STD. ,1,Alameda ,  ,  ,  ,  ,  ,3446000
1987,867209,FLOWERS CHRYSNTH. UNSPEC. ,1,Alameda ,  ,  ,  ,  ,  , 
1987,867999,FLOWERS CUT UNSPECIFIED ,1,Alameda ,  ,  ,  ,  ,  ,5796000
1987,879999,FLOWERS FOLIAGE PLANTS ,1,Alameda ,  ,  ,  ,  ,  ,8946000
1987,867360,FLOWERS GARDENIAS CUT ,1,Alameda ,  ,  ,  ,  ,  , 
1987,867559,FLOWERS ORCHIDS CUT ALL ,1,Alameda ,  ,  ,  ,  ,  , 
1987,867664,FLOWERS ROSES CUT MIN. ,1,Alameda ,  ,  ,  ,  ,  ,960000
1987,867663,FLOWERS ROSES CUT STANDARD ,1,Alameda ,  ,  ,  ,  ,  ,7496000
1987,933999,FOREST PRODUCTS LUMBER ,1,Alameda ,  ,  ,  ,  ,  ,49241
1987,218899,FRUITS & NUTS UNSPECIFIED ,1,Alameda ,6,  ,  ,  ,  ,45000
1987,634999,GAME BIRDS PIGEONS & SQUABS ,1,Alameda ,  ,  ,  ,  ,  ,25000
1987,216299,GRAPES WINE ,1,Alameda ,1458,3.43,5006,358,TONS ,1794000
1987,181999,HAY ALFALFA ,1,Alameda ,1600,6.05,9680,88,TONS ,855000
1987,188499,HAY GRAIN ,1,Alameda ,6100,1,6100,70,TONS ,427000
1987,429999,HOGS & PIGS UNSPECIFIED ,1,Alameda ,  ,  ,  ,  ,  ,322000
1987,339999,LETTUCE UNSPECIFIED ,1,Alameda ,  ,  ,  ,  ,  , 
1987,478999,LIVESTOCK PRODUCTS MISC. ,1,Alameda ,  ,  ,  ,  ,  ,55000
1987,864999,NURSERY PLANTS BEDDING ,1,Alameda ,  ,  ,  ,  ,  ,4500000
1987,863999,NURSERY FL. PROPG. MTRLS ,1,Alameda ,  ,  ,  ,  ,  ,961000
1987,895999,NURSERY WOODY ORNAMNTALS ,1,Alameda ,  ,  ,  ,  ,  ,7239000
1987,112999,OATS GRAIN ,1,Alameda ,  ,  ,  ,  ,  , 
1987,194599,PASTURE IRRIGATED ,1,Alameda ,400,  ,  ,  ,  ,22000
1987,194699,PASTURE RANGE ,1,Alameda ,203400,  ,  ,  ,  ,2536000
1987,218299,PERSIMMONS ,1,Alameda ,  ,  ,  ,  ,  , 
1987,462999,RABBITS ,1,Alameda ,  ,  ,  ,  ,  , 
1987,158269,SAFFLOWER ,1,Alameda ,  ,  ,  ,  ,  , 
1987,419999,SHEEP & LAMBS UNSPECIFIED ,1,Alameda ,  ,  ,  ,  ,  ,101000
1987,378999,TOMATOES UNSPECIFIED ,1,Alameda ,  ,  ,  ,  ,  , 
1987,398999,VEGETABLES UNSPECIFIED ,1,Alameda ,1270,  ,  ,  ,  ,2493000
1987,263999,WALNUTS ENGLISH ,1,Alameda ,190,0.77,146,938,TONS ,137000
1987,101999,WHEAT ALL ,1,Alameda ,700,1.76,1232,86,TONS ,106000
1987,472999,WOOL ,1,Alameda ,  ,  ,  ,  ,  , 
1988,482999,APIARY PRODUCTS BEESWAX ,1,Alameda ,  ,  ,5000,1,LBS ,7000
1988,481999,APIARY PRODUCTS HONEY ,1,Alameda ,  ,  ,97000,1,LBS ,50400
1988,486999,APIARY PRODUCTS POLLIN. FEES ,1,Alameda ,  ,  ,2000,28,COL ,56000
1988,217999,APRICOTS ALL ,1,Alameda ,  ,  ,  ,  ,  , 
1988,169999,BEANS DRY EDIBLE UNSPEC. ,1,Alameda ,  ,  ,  ,  ,  , 
1988,239999,BERRIES BUSHBERRIES UNSPEC. ,1,Alameda ,  ,  ,  ,  ,  , 
1988,310999,CABBAGE HEAD ,1,Alameda ,  ,  ,  ,  ,  , 
1988,409999,CATTLE & CALVES UNSPECIFIED ,1,Alameda ,  ,  ,  ,  ,  ,7478000
1988,314999,CAULIFLOWER UNSPECIFIED ,1,Alameda ,  ,  ,  ,  ,  , 
1988,604999,CHICKENS BROILERS ,1,Alameda ,  ,  ,  ,  ,  ,2128000
1988,851999,CHRISTMAS TREES & CUT GREENS ,1,Alameda ,  ,  ,  ,  ,  ,405000
1988,111991,CORN GRAIN ,1,Alameda ,  ,  ,  ,  ,  , 
1988,323999,CORN SWEET ALL ,1,Alameda ,  ,  ,  ,  ,  , 
1988,325999,CUCUMBERS ,1,Alameda ,  ,  ,  ,  ,  , 
1988,198999,FIELD CROPS UNSPECIFIED ,1,Alameda ,305,  ,  ,  ,  ,88000
1988,867055,FLOWERS ASTERS CUT ,1,Alameda ,  ,  ,  ,  ,  , 
1988,867171,FLOWERS CARNATION CUT MIN. ,1,Alameda ,  ,  ,  ,  ,  ,603000
1988,867170,FLOWERS CARNATION CUT STD. ,1,Alameda ,  ,  ,  ,  ,  ,1687000
1988,867209,FLOWERS CHRYSNTH. UNSPEC. ,1,Alameda ,  ,  ,  ,  ,  , 
1988,867999,FLOWERS CUT UNSPECIFIED ,1,Alameda ,  ,  ,  ,  ,  ,6590000
1988,879999,FLOWERS FOLIAGE PLANTS ,1,Alameda ,  ,  ,  ,  ,  ,6152000
1988,867360,FLOWERS GARDENIAS CUT ,1,Alameda ,  ,  ,  ,  ,  , 
1988,867559,FLOWERS ORCHIDS CUT ALL ,1,Alameda ,  ,  ,  ,  ,  , 
1988,867664,FLOWERS ROSES CUT MIN. ,1,Alameda ,  ,  ,  ,  ,  ,939000
1988,867663,FLOWERS ROSES CUT STANDARD ,1,Alameda ,  ,  ,  ,  ,  ,7444000
1988,933999,FOREST PRODUCTS LUMBER ,1,Alameda ,  ,  ,  ,  ,  ,49241
1988,218899,FRUITS & NUTS UNSPECIFIED ,1,Alameda ,4,  ,  ,  ,  ,24000
1988,634999,GAME BIRDS PIGEONS & SQUABS ,1,Alameda ,  ,  ,  ,  ,  ,19000
1988,216299,GRAPES WINE ,1,Alameda ,1216,3.37,4094,378,TON ,1548000
1988,181999,HAY ALFALFA ,1,Alameda ,1600,7.02,11232,97,TON ,1092000
1988,188499,HAY GRAIN ,1,Alameda ,4200,0.8,3360,68,TON ,229000
1988,429999,HOGS & PIGS UNSPECIFIED ,1,Alameda ,  ,  ,  ,  ,  ,223000
1988,340999,LETTUCE HEAD ,1,Alameda ,  ,  ,  ,  ,  , 
1988,339999,LETTUCE UNSPECIFIED ,1,Alameda ,  ,  ,  ,  ,  , 
1988,478999,LIVESTOCK PRODUCTS MISC. ,1,Alameda ,  ,  ,  ,  ,  ,229000
1988,864999,NURSERY PLANTS BEDDING ,1,Alameda ,  ,  ,  ,  ,  ,4849000
1988,834999,NURSERY PLANTS VEG. BEDDING ,1,Alameda ,  ,  ,  ,  ,  , 
1988,863999,NURSERY FL. PROPG. MTRLS ,1,Alameda ,  ,  ,  ,  ,  ,806000
1988,895999,NURSERY WOODY ORNAMNTALS ,1,Alameda ,  ,  ,  ,  ,  ,8138000
1988,112999,OATS GRAIN ,1,Alameda ,  ,  ,  ,  ,  , 
1988,194799,PASTURE FORAGE MISC. ,1,Alameda ,  ,  ,  ,  ,  , 
1988,194599,PASTURE IRRIGATED ,1,Alameda ,300,  ,  ,  ,  ,16000
1988,194699,PASTURE RANGE ,1,Alameda ,205800,  ,  ,  ,  ,2552000
1988,218299,PERSIMMONS ,1,Alameda ,  ,  ,  ,  ,  , 
1988,699999,POULTRY UNSPECIFIED ,1,Alameda ,  ,  ,  ,  ,  , 
1988,462999,RABBITS ,1,Alameda ,  ,  ,  ,  ,  , 
1988,158269,SAFFLOWER ,1,Alameda ,  ,  ,  ,  ,  , 
1988,419999,SHEEP & LAMBS UNSPECIFIED ,1,Alameda ,  ,  ,  ,  ,  ,46000
1988,378199,TOMATOES FRESH MARKET ,1,Alameda ,  ,  ,  ,  ,  , 
1988,398999,VEGETABLES UNSPECIFIED ,1,Alameda ,800,  ,  ,  ,  ,2413000
1988,263999,WALNUTS ENGLISH ,1,Alameda ,190,0.76,144,1042,TON ,150000
1988,101999,WHEAT ALL ,1,Alameda ,630,1.4,882,103,TON ,91000
1988,472999,WOOL ,1,Alameda ,  ,  ,  ,  ,  , 
1989,482999,APIARY PRODUCTS BEESWAX ,1,Alameda ,  ,  ,2000,1,LBS ,2500
1989,481999,APIARY PRODUCTS HONEY ,1,Alameda ,  ,  ,77000,1,LBS ,46200
1989,486999,APIARY PRODUCTS POLLIN. FEES ,1,Alameda ,  ,  ,1500,32,COL ,48000
1989,113999,BARLEY UNSPECIFIED ,1,Alameda ,396,0.94,373,121,TONS ,45000
1989,409999,CATTLE & CALVES UNSPECIFIED ,1,Alameda ,  ,  ,  ,  ,  ,7002000
1989,604999,CHICKENS BROILERS ,1,Alameda ,  ,  ,  ,  ,  ,2039000
1989,851999,CHRISTMAS TREES & CUT GREENS ,1,Alameda ,  ,  ,  ,  ,  ,296000
1989,198999,FIELD CROPS UNSPECIFIED ,1,Alameda ,230,  ,  ,  ,  ,159000
1989,867171,FLOWERS CARNATION CUT MIN. ,1,Alameda ,  ,  ,  ,  ,  ,413000
1989,867170,FLOWERS CARNATION CUT STD. ,1,Alameda ,  ,  ,  ,  ,  ,2779000
1989,867999,FLOWERS CUT UNSPECIFIED ,1,Alameda ,  ,  ,  ,  ,  ,6154000
1989,879999,FLOWERS FOLIAGE PLANTS ,1,Alameda ,  ,  ,  ,  ,  ,5202000
1989,867664,FLOWERS ROSES CUT MIN. ,1,Alameda ,  ,  ,  ,  ,  ,743000
1989,867663,FLOWERS ROSES CUT STANDARD ,1,Alameda ,  ,  ,  ,  ,  ,6478000
1989,933999,FOREST PRODUCTS LUMBER ,1,Alameda ,  ,  ,  ,  ,  ,76170
1989,218899,FRUITS & NUTS UNSPECIFIED ,1,Alameda ,4,  ,  ,  ,  ,24000
1989,216299,GRAPES WINE ,1,Alameda ,1812,4.2,7615,713,TONS ,5432000
1989,181999,HAY ALFALFA ,1,Alameda ,1739,6.42,11164,97,TONS ,1085000
1989,188499,HAY GRAIN ,1,Alameda ,7034,0.81,5686,67,TONS ,383000
1989,429999,HOGS & PIGS UNSPECIFIED ,1,Alameda ,  ,  ,  ,  ,  ,19000
1989,478999,LIVESTOCK PRODUCTS MISC. ,1,Alameda ,  ,  ,  ,  ,  ,230000
1989,864999,NURSERY PLANTS BEDDING ,1,Alameda ,  ,  ,  ,  ,  ,4770000
1989,863999,NURSERY FL. PROPG. MTRLS ,1,Alameda ,  ,  ,  ,  ,  ,654000
1989,895999,NURSERY WOODY ORNAMNTALS ,1,Alameda ,  ,  ,  ,  ,  ,11068000
1989,112999,OATS GRAIN ,1,Alameda ,545,3,1635,89,TONS ,145000
1989,194599,PASTURE IRRIGATED ,1,Alameda ,262,  ,  ,  ,  ,14000
1989,194699,PASTURE RANGE ,1,Alameda ,199500,  ,  ,  ,  ,2830000
1989,419999,SHEEP & LAMBS UNSPECIFIED ,1,Alameda ,  ,  ,  ,  ,  ,67000
1989,398999,VEGETABLES UNSPECIFIED ,1,Alameda ,350,  ,  ,  ,  ,859000
1989,263999,WALNUTS ENGLISH ,1,Alameda ,180,1.39,251,1100,TONS ,276000
1989,101999,WHEAT ALL ,1,Alameda ,1097,1.15,1257,103,TONS ,130000
1990,482999,APIARY PRODUCTS BEESWAX ,1,Alameda ,  ,  ,1500,1,LBS ,1800
1990,481999,APIARY PRODUCTS HONEY ,1,Alameda ,  ,  ,50000,1,LBS ,28000
1990,486999,APIARY PRODUCTS POLLIN. FEES ,1,Alameda ,  ,  ,1000,30,COL ,30000
1990,409999,CATTLE & CALVES UNSPECIFIED ,1,Alameda ,  ,  ,  ,  ,  ,7031000
1990,851999,CHRISTMAS TREES & CUT GREENS ,1,Alameda ,  ,  ,  ,  ,  ,279000
1990,198999,FIELD CROPS UNSPECIFIED ,1,Alameda ,823,  ,  ,  ,  ,173000
1990,867999,FLOWERS CUT UNSPECIFIED ,1,Alameda ,  ,  ,  ,  ,  ,8136000
1990,879999,FLOWERS FOLIAGE PLANTS ,1,Alameda ,  ,  ,  ,  ,  ,1412000
1990,867664,FLOWERS ROSES CUT MIN. ,1,Alameda ,  ,  ,  ,  ,  ,344000
1990,867663,FLOWERS ROSES CUT STANDARD ,1,Alameda ,  ,  ,  ,  ,  ,5799000
1990,933999,FOREST PRODUCTS LUMBER ,1,Alameda ,  ,  ,  ,  ,  ,35800
1990,218899,FRUITS & NUTS UNSPECIFIED ,1,Alameda ,4,  ,  ,  ,  ,20000
1990,216299,GRAPES WINE ,1,Alameda ,1628,2.11,3435,880,TONS ,3023000
1990,181999,HAY ALFALFA ,1,Alameda ,1747,6.33,11059,107,TONS ,1182000
1990,188499,HAY GRAIN ,1,Alameda ,4564,0.94,4290,68,TONS ,291000
1990,429999,HOGS & PIGS UNSPECIFIED ,1,Alameda ,  ,  ,  ,  ,  ,16000
1990,478999,LIVESTOCK PRODUCTS MISC. ,1,Alameda ,  ,  ,  ,  ,  ,1614000
1990,864999,NURSERY PLANTS BEDDING ,1,Alameda ,  ,  ,  ,  ,  ,8525000
1990,895999,NURSERY WOODY ORNAMNTALS ,1,Alameda ,  ,  ,  ,  ,  ,13659000
1990,194599,PASTURE IRRIGATED ,1,Alameda ,214,  ,  ,  ,  ,19000
1990,194699,PASTURE RANGE ,1,Alameda ,218948,  ,  ,  ,  ,2862000
1990,419999,SHEEP & LAMBS UNSPECIFIED ,1,Alameda ,  ,  ,  ,  ,  ,64000
1990,398999,VEGETABLES UNSPECIFIED ,1,Alameda ,246,  ,  ,  ,  ,879000
1990,263999,WALNUTS ENGLISH ,1,Alameda ,119,1.29,153,837,TONS ,128000
1991,482999,APIARY PRODUCTS BEESWAX ,1,Alameda ,  ,  ,1200,1,LBS ,1400
1991,481999,APIARY PRODUCTS HONEY ,1,Alameda ,  ,  ,42000,1,LBS ,24000
1991,486999,APIARY PRODUCTS POLLIN. FEES ,1,Alameda ,  ,  ,1000,32,COL ,32000
1991,409999,CATTLE & CALVES UNSPECIFIED ,1,Alameda ,  ,  ,  ,  ,  ,5748000
1991,851999,CHRISTMAS TREES & CUT GREENS ,1,Alameda ,  ,  ,  ,  ,  ,221000
1991,198999,FIELD CROPS UNSPECIFIED ,1,Alameda ,1576,  ,  ,  ,  ,170000
1991,867999,FLOWERS CUT UNSPECIFIED ,1,Alameda ,  ,  ,  ,  ,  ,6900000
1991,879999,FLOWERS FOLIAGE PLANTS ,1,Alameda ,  ,  ,  ,  ,  ,1101000
1991,867664,FLOWERS ROSES CUT MIN. ,1,Alameda ,  ,  ,  ,  ,  ,579000
1991,867663,FLOWERS ROSES CUT STANDARD ,1,Alameda ,  ,  ,  ,  ,  ,5890000
1991,218899,FRUITS & NUTS UNSPECIFIED ,1,Alameda ,3,  ,  ,  ,  ,10000
1991,216299,GRAPES WINE ,1,Alameda ,1286,3.84,4938,867,TONS ,4282000
1991,181999,HAY ALFALFA ,1,Alameda ,2233,5.78,12903,91,TONS ,1170000
1991,188499,HAY GRAIN ,1,Alameda ,6849,1.8,12332,60,TONS ,744000
1991,429999,HOGS & PIGS UNSPECIFIED ,1,Alameda ,  ,  ,  ,  ,  ,9000
1991,478999,LIVESTOCK PRODUCTS MISC. ,1,Alameda ,  ,  ,  ,  ,  ,1231000
1991,864999,NURSERY PLANTS BEDDING ,1,Alameda ,  ,  ,  ,  ,  ,7658000
1991,895999,NURSERY WOODY ORNAMNTALS ,1,Alameda ,  ,  ,  ,  ,  ,11301000
1991,194599,PASTURE IRRIGATED ,1,Alameda ,160,  ,  ,  ,  ,9000
1991,194699,PASTURE RANGE ,1,Alameda ,208494,  ,  ,  ,  ,2565000
1991,419999,SHEEP & LAMBS UNSPECIFIED ,1,Alameda ,  ,  ,  ,  ,  ,43000
1991,398999,VEGETABLES UNSPECIFIED ,1,Alameda ,260,  ,  ,  ,  ,958000
1991,263999,WALNUTS ENGLISH ,1,Alameda ,119,0.45,53,1057,TONS ,56000
1992,482999,APIARY PRODUCTS BEESWAX ,1,Alameda ,  ,  ,1000,1,LBS ,1200
1992,481999,APIARY PRODUCTS HONEY ,1,Alameda ,  ,  ,30000,0,LBS ,13500
1992,486999,APIARY PRODUCTS POLLIN. FEES ,1,Alameda ,  ,  ,1000,32,COL ,32000
1992,409999,CATTLE & CALVES UNSPECIFIED ,1,Alameda ,  ,  ,  ,  ,  ,6347000
1992,851999,CHRISTMAS TREES & CUT GREENS ,1,Alameda ,  ,  ,  ,  ,  ,187000
1992,198999,FIELD CROPS UNSPECIFIED ,1,Alameda ,1345,  ,  ,  ,  ,201000
1992,867999,FLOWERS CUT UNSPECIFIED ,1,Alameda ,  ,  ,  ,  ,  ,8283000
1992,879999,FLOWERS FOLIAGE PLANTS ,1,Alameda ,  ,  ,  ,  ,  ,1432000
1992,867664,FLOWERS ROSES CUT MIN. ,1,Alameda ,  ,  ,  ,  ,  ,528000
1992,867663,FLOWERS ROSES CUT STANDARD ,1,Alameda ,  ,  ,  ,  ,  ,5753000
1992,218899,FRUITS & NUTS UNSPECIFIED ,1,Alameda ,3,  ,  ,  ,  ,10000
1992,216299,GRAPES WINE ,1,Alameda ,1531,3.28,5028,890,TONS ,4474000
1992,181999,HAY ALFALFA ,1,Alameda ,1675,5.79,9698,79,TONS ,769000
1992,188499,HAY GRAIN ,1,Alameda ,4836,1.51,7302,51,TONS ,374000
1992,429999,HOGS & PIGS UNSPECIFIED ,1,Alameda ,  ,  ,  ,  ,  ,15000
1992,478999,LIVESTOCK PRODUCTS MISC. ,1,Alameda ,  ,  ,  ,  ,  ,1496000
1992,864999,NURSERY PLANTS BEDDING ,1,Alameda ,  ,  ,  ,  ,  ,7009000
1992,895999,NURSERY WOODY ORNAMNTALS ,1,Alameda ,  ,  ,  ,  ,  ,10533000
1992,194599,PASTURE IRRIGATED ,1,Alameda ,155,  ,  ,  ,  ,9000
1992,194699,PASTURE RANGE ,1,Alameda ,208226,  ,  ,  ,  ,2523000
1992,419999,SHEEP & LAMBS UNSPECIFIED ,1,Alameda ,  ,  ,  ,  ,  ,67000
1992,398999,VEGETABLES UNSPECIFIED ,1,Alameda ,307,  ,  ,  ,  ,828000
1992,263999,WALNUTS ENGLISH ,1,Alameda ,119,0.79,94,670,TONS ,63000
1993,482999,APIARY PRODUCTS BEESWAX ,1,Alameda ,  ,  ,1200,1,LBS ,1400
1993,481999,APIARY PRODUCTS HONEY ,1,Alameda ,  ,  ,30000,0,LBS ,13800
1993,486999,APIARY PRODUCTS POLLIN. FEES ,1,Alameda ,  ,  ,1000,33,COL ,33000
1993,409999,CATTLE & CALVES UNSPECIFIED ,1,Alameda ,  ,  ,  ,  ,  ,7958000
1993,851999,CHRISTMAS TREES & CUT GREENS ,1,Alameda ,  ,  ,  ,  ,  ,186000
1993,198999,FIELD CROPS UNSPECIFIED ,1,Alameda ,790,  ,  ,  ,  ,187000
1993,867999,FLOWERS CUT UNSPECIFIED ,1,Alameda ,  ,  ,  ,  ,  ,9196000
1993,879999,FLOWERS FOLIAGE PLANTS ,1,Alameda ,  ,  ,  ,  ,  ,1034000
1993,867664,FLOWERS ROSES CUT MIN. ,1,Alameda ,  ,  ,  ,  ,  ,407000
1993,867663,FLOWERS ROSES CUT STANDARD ,1,Alameda ,  ,  ,  ,  ,  ,4613000
1993,218899,FRUITS & NUTS UNSPECIFIED ,1,Alameda ,9,  ,  ,  ,  ,10000
1993,216299,GRAPES WINE ,1,Alameda ,1572,2.7,4248,854,TONS ,3626000
1993,181999,HAY ALFALFA ,1,Alameda ,1650,5.82,9605,102,TONS ,976000
1993,188499,HAY GRAIN ,1,Alameda ,5429,1.61,8759,55,TONS ,482000
1993,429999,HOGS & PIGS UNSPECIFIED ,1,Alameda ,  ,  ,  ,  ,  ,8000
1993,478999,LIVESTOCK PRODUCTS MISC. ,1,Alameda ,  ,  ,  ,  ,  ,1714000
1993,864999,NURSERY PLANTS BEDDING ,1,Alameda ,  ,  ,  ,  ,  ,8689000
1993,895999,NURSERY WOODY ORNAMNTALS ,1,Alameda ,  ,  ,  ,  ,  ,7748000
1993,194599,PASTURE IRRIGATED ,1,Alameda ,140,  ,  ,  ,  ,10000
1993,194699,PASTURE RANGE ,1,Alameda ,207450,  ,  ,  ,  ,2665000
1993,419999,SHEEP & LAMBS UNSPECIFIED ,1,Alameda ,  ,  ,  ,  ,  ,70000
1993,398999,VEGETABLES UNSPECIFIED ,1,Alameda ,269,  ,  ,  ,  ,801000
1993,263999,WALNUTS ENGLISH ,1,Alameda ,119,0.85,101,525,TONS ,53000
1993,101999,WHEAT ALL ,1,Alameda ,2338,1.12,2608,96,TONS ,250000
1994,482999,APIARY PRODUCTS BEESWAX ,1,Alameda ,  ,  ,1000,1,LBS ,1200
1994,481999,APIARY PRODUCTS HONEY ,1,Alameda ,  ,  ,20000,0,LBS ,9000
1994,486999,APIARY PRODUCTS POLLIN. FEES ,1,Alameda ,  ,  ,1000,33,COL ,33000
1994,409999,CATTLE & CALVES UNSPECIFIED ,1,Alameda ,  ,  ,  ,  ,  ,7147000
1994,851999,CHRISTMAS TREES & CUT GREENS ,1,Alameda ,  ,  ,  ,  ,  ,199000
1994,198999,FIELD CROPS UNSPECIFIED ,1,Alameda ,649,  ,  ,  ,  ,160000
1994,867999,FLOWERS CUT UNSPECIFIED ,1,Alameda ,  ,  ,  ,  ,  ,9493000
1994,879999,FLOWERS FOLIAGE PLANTS ,1,Alameda ,  ,  ,  ,  ,  ,1334000
1994,867664,FLOWERS ROSES CUT MIN. ,1,Alameda ,  ,  ,  ,  ,  ,255000
1994,867663,FLOWERS ROSES CUT STANDARD ,1,Alameda ,  ,  ,  ,  ,  ,3800000
1994,218899,FRUITS & NUTS UNSPECIFIED ,1,Alameda ,9,  ,  ,  ,  ,10000
1994,216299,GRAPES WINE ,1,Alameda ,2050,2.08,4261,899,TONS ,3829000
1994,181999,HAY ALFALFA ,1,Alameda ,1005,6.06,6090,97,TONS ,589000
1994,188499,HAY GRAIN ,1,Alameda ,4725,1.78,8411,69,TONS ,583000
1994,429999,HOGS & PIGS UNSPECIFIED ,1,Alameda ,  ,  ,  ,  ,  ,5000
1994,478999,LIVESTOCK PRODUCTS MISC. ,1,Alameda ,  ,  ,  ,  ,  ,784000
1994,864999,NURSERY PLANTS BEDDING ,1,Alameda ,  ,  ,  ,  ,  ,7835000
1994,895999,NURSERY WOODY ORNAMNTALS ,1,Alameda ,  ,  ,  ,  ,  ,11725000
1994,194599,PASTURE IRRIGATED ,1,Alameda ,140,  ,  ,  ,  ,10000
1994,194699,PASTURE RANGE ,1,Alameda ,202075,  ,  ,  ,  ,2573000
1994,419999,SHEEP & LAMBS UNSPECIFIED ,1,Alameda ,  ,  ,  ,  ,  ,56000
1994,398999,VEGETABLES UNSPECIFIED ,1,Alameda ,227,  ,  ,  ,  ,842000
1994,263999,WALNUTS ENGLISH ,1,Alameda ,113,0.43,49,837,TONS ,41000
1994,101999,WHEAT ALL ,1,Alameda ,1720,0.7,1204,120,TONS ,144000
1995,482999,APIARY PRODUCTS BEESWAX ,1,Alameda ,  ,  ,1000,2,LBS ,2000
1995,481999,APIARY PRODUCTS HONEY ,1,Alameda ,  ,  ,40000,1,LBS ,25600
1995,486999,APIARY PRODUCTS POLLIN. FEES ,1,Alameda ,  ,  ,1000,35,COL ,35000
1995,409999,CATTLE & CALVES UNSPECIFIED ,1,Alameda ,  ,  ,  ,  ,  ,6193000
1995,851999,CHRISTMAS TREES & CUT GREENS ,1,Alameda ,  ,  ,  ,  ,  ,149000
1995,198999,FIELD CROPS UNSPECIFIED ,1,Alameda ,1225,  ,  ,  ,  ,626000
1995,867999,FLOWERS CUT UNSPECIFIED ,1,Alameda ,  ,  ,  ,  ,  ,10125000
1995,879999,FLOWERS FOLIAGE PLANTS ,1,Alameda ,  ,  ,  ,  ,  ,1327000
1995,867669,FLOWERS ROSES UNSPECIFIED ,1,Alameda ,  ,  ,  ,  ,  ,2041000
1995,218899,FRUITS & NUTS UNSPECIFIED ,1,Alameda ,9,  ,  ,  ,  ,10000
1995,216299,GRAPES WINE ,1,Alameda ,1709,1.9,3253,871,TONS ,2833000
1995,181999,HAY ALFALFA ,1,Alameda ,765,5.95,4550,107,TONS ,485000
1995,188499,HAY GRAIN ,1,Alameda ,5169,1.97,10179,68,TONS ,689000
1995,429999,HOGS & PIGS UNSPECIFIED ,1,Alameda ,  ,  ,  ,  ,  ,4000
1995,478999,LIVESTOCK PRODUCTS MISC. ,1,Alameda ,  ,  ,  ,  ,  ,736000
1995,864999,NURSERY PLANTS BEDDING ,1,Alameda ,  ,  ,  ,  ,  ,8022000
1995,895999,NURSERY WOODY ORNAMNTALS ,1,Alameda ,  ,  ,  ,  ,  ,7269000
1995,194599,PASTURE IRRIGATED ,1,Alameda ,209,  ,  ,  ,  ,11000
1995,194699,PASTURE RANGE ,1,Alameda ,205172,  ,  ,  ,  ,2466000
1995,419999,SHEEP & LAMBS UNSPECIFIED ,1,Alameda ,  ,  ,  ,  ,  ,61000
1995,398999,VEGETABLES UNSPECIFIED ,1,Alameda ,199,  ,  ,  ,  ,702000
1995,263999,WALNUTS ENGLISH ,1,Alameda ,85,0.46,39,1308,TONS ,51000
1995,101999,WHEAT ALL ,1,Alameda ,1392,0.79,1101,125,TONS ,138000
1996,482999,APIARY PRODUCTS BEESWAX ,1,Alameda ,  ,  ,1100,2,LBS ,2100
1996,481999,APIARY PRODUCTS HONEY ,1,Alameda ,  ,  ,41000,1,LBS ,22600
1996,486999,APIARY PRODUCTS POLLIN. FEES ,1,Alameda ,  ,  ,1000,36,COL ,36000
1996,113999,BARLEY UNSPECIFIED ,1,Alameda ,900,0.83,747,146,TONS ,109000
1996,409999,CATTLE & CALVES UNSPECIFIED ,1,Alameda ,  ,  ,  ,  ,  ,4861000
1996,851999,CHRISTMAS TREES & CUT GREENS ,1,Alameda ,  ,  ,  ,  ,  ,142000
1996,198999,FIELD CROPS UNSPECIFIED ,1,Alameda ,1173,  ,  ,  ,  ,386000
1996,867999,FLOWERS CUT UNSPECIFIED ,1,Alameda ,  ,  ,  ,  ,  ,8772000
1996,879999,FLOWERS FOLIAGE PLANTS ,1,Alameda ,  ,  ,  ,  ,  ,1139000
1996,218899,FRUITS & NUTS UNSPECIFIED ,1,Alameda ,86,  ,  ,  ,  ,72000
1996,216299,GRAPES WINE ,1,Alameda ,1662,2.85,4730,1029,TONS ,4866000
1996,181999,HAY ALFALFA ,1,Alameda ,899,5.95,5349,110,TONS ,590000
1996,188499,HAY GRAIN ,1,Alameda ,4692,1.53,7179,78,TONS ,559000
1996,429999,HOGS & PIGS UNSPECIFIED ,1,Alameda ,  ,  ,  ,  ,  ,5000
1996,478999,LIVESTOCK PRODUCTS MISC. ,1,Alameda ,  ,  ,  ,  ,  ,749000
1996,864999,NURSERY PLANTS BEDDING ,1,Alameda ,  ,  ,  ,  ,  ,6059000
1996,895999,NURSERY WOODY ORNAMNTALS ,1,Alameda ,  ,  ,  ,  ,  ,9099000
1996,194599,PASTURE IRRIGATED ,1,Alameda ,249,  ,  ,  ,  ,13000
1996,194699,PASTURE RANGE ,1,Alameda ,205883,  ,  ,  ,  ,2617000
1996,419999,SHEEP & LAMBS UNSPECIFIED ,1,Alameda ,  ,  ,  ,  ,  ,49000
1996,398999,VEGETABLES UNSPECIFIED ,1,Alameda ,175,  ,  ,  ,  ,583000
1996,101999,WHEAT ALL ,1,Alameda ,1240,1.28,1587,135,TONS ,215000
1997,482999,APIARY PRODUCTS BEESWAX ,1,Alameda ,  ,  ,900,3,LBS ,2300
1997,481999,APIARY PRODUCTS HONEY ,1,Alameda ,  ,  ,38000,1,LBS ,24700
1997,486999,APIARY PRODUCTS POLLIN. FEES ,1,Alameda ,  ,  ,1000,38,COL ,38000
1997,409999,CATTLE & CALVES UNSPECIFIED ,1,Alameda ,  ,  ,  ,  ,  ,5675000
1997,198999,FIELD CROPS UNSPECIFIED ,1,Alameda ,975,  ,  ,  ,  ,308000
1997,867999,FLOWERS CUT UNSPECIFIED ,1,Alameda ,  ,  ,  ,  ,  ,8772000
1997,879999,FLOWERS FOLIAGE PLANTS ,1,Alameda ,  ,  ,  ,  ,  ,1690000
1997,218899,FRUITS & NUTS UNSPECIFIED ,1,Alameda ,185,  ,  ,  ,  ,75000
1997,216299,GRAPES WINE ,1,Alameda ,1977,4.71,9308,1116,TONS ,10386000
1997,181999,HAY ALFALFA ,1,Alameda ,544,6.31,3433,117,TONS ,401000
1997,188999,HAY OTHER UNSPECIFIED ,1,Alameda ,5273,3.05,16083,52,TONS ,831000
1997,429999,HOGS & PIGS UNSPECIFIED ,1,Alameda ,  ,  ,  ,  ,  ,4000
1997,864999,NURSERY PLANTS BEDDING ,1,Alameda ,  ,  ,  ,  ,  ,6459000
1997,895999,NURSERY WOODY ORNAMNTALS ,1,Alameda ,  ,  ,  ,  ,  ,8294000
1997,194599,PASTURE IRRIGATED ,1,Alameda ,339,  ,  ,  ,  ,17000
1997,194699,PASTURE RANGE ,1,Alameda ,204274,  ,  ,  ,  ,2576000
1997,699999,POULTRY UNSPECIFIED ,1,Alameda ,  ,  ,  ,  ,  ,427000
1997,419999,SHEEP & LAMBS UNSPECIFIED ,1,Alameda ,  ,  ,  ,  ,  ,56000
1997,398999,VEGETABLES UNSPECIFIED ,1,Alameda ,161,  ,  ,  ,  ,793000
1997,101999,WHEAT ALL ,1,Alameda ,430,1.53,658,106,TONS ,70000
1998,482999,APIARY PRODUCTS BEESWAX ,1,Alameda ,  ,  ,1000,3,LBS ,3000
1998,481999,APIARY PRODUCTS HONEY ,1,Alameda ,  ,  ,40000,1,LBS ,22000
1998,486999,APIARY PRODUCTS POLLIN. FEES ,1,Alameda ,  ,  ,1000,38,COL ,38000
1998,409999,CATTLE & CALVES UNSPECIFIED ,1,Alameda ,  ,  ,  ,  ,  ,4594000
1998,198999,FIELD CROPS UNSPECIFIED ,1,Alameda ,2320,  ,  ,  ,  ,548000
1998,879999,FLOWERS FOLIAGE PLANTS ,1,Alameda ,  ,  ,  ,  ,  ,2446000
1998,218899,FRUITS & NUTS UNSPECIFIED ,1,Alameda ,178,  ,  ,  ,  ,41000
1998,216299,GRAPES WINE ,1,Alameda ,2141,2.04,4370,1205,TONS ,5267000
1998,181999,HAY ALFALFA ,1,Alameda ,409,5.9,2413,112,TONS ,270000
1998,188999,HAY OTHER UNSPECIFIED ,1,Alameda ,4760,1.95,9282,70,TON ,650000
1998,864999,NURSERY PLANTS BEDDING ,1,Alameda ,  ,  ,  ,  ,  ,5501000
1998,895999,NURSERY WOODY ORNAMNTALS ,1,Alameda ,  ,  ,  ,  ,  ,9474000
1998,194699,PASTURE RANGE ,1,Alameda ,202790,  ,  ,  ,  ,2940000
1998,699999,POULTRY UNSPECIFIED ,1,Alameda ,  ,  ,  ,  ,  ,691000
1998,398999,VEGETABLES UNSPECIFIED ,1,Alameda ,  ,  ,  ,  ,  ,1086000
1998,101999,WHEAT ALL ,1,Alameda ,2330,0.83,1934,90,TONS ,175000
1999,482999,APIARY PRODUCTS BEESWAX ,1,Alameda ,  ,  ,1200,2,LBS ,2000
1999,481999,APIARY PRODUCTS HONEY ,1,Alameda ,  ,  ,37000,1,LBS ,19000
1999,486999,APIARY PRODUCTS POLLIN. FEES ,1,Alameda ,  ,  ,1200,38,COL ,46000
1999,409999,CATTLE & CALVES UNSPECIFIED ,1,Alameda ,  ,  ,  ,  ,  ,6843000
1999,198999,FIELD CROPS UNSPECIFIED ,1,Alameda ,2470,  ,  ,  ,ACRE ,454000
1999,867999,FLOWERS CUT UNSPECIFIED ,1,Alameda ,  ,  ,  ,  ,  ,1230000
1999,879999,FLOWERS FOLIAGE PLANTS ,1,Alameda ,  ,  ,  ,  ,  ,1432000
1999,218899,FRUITS & NUTS UNSPECIFIED ,1,Alameda ,138,  ,  ,  ,ACRE ,24000
1999,216299,GRAPES WINE ,1,Alameda ,2018,3.57,7210,1182,ACRE ,8523000
1999,181999,HAY ALFALFA ,1,Alameda ,480,5.7,2736,111,TON ,304000
1999,188999,HAY OTHER UNSPECIFIED ,1,Alameda ,3727,2.2,8199,80,TON ,656000
1999,469999,LIVESTOCK UNSPECIFIED ,1,Alameda ,  ,  ,  ,  ,  ,56000
1999,864999,NURSERY PLANTS BEDDING ,1,Alameda ,  ,  ,  ,  ,  ,6221000
1999,895999,NURSERY WOODY ORNAMNTALS ,1,Alameda ,  ,  ,  ,  ,  ,10175000
1999,194699,PASTURE RANGE ,1,Alameda ,201080,  ,  ,  ,ACRE ,2940000
1999,398999,VEGETABLES UNSPECIFIED ,1,Alameda ,147,  ,  ,  ,ACRE ,947000
2000,482999,APIARY PRODUCTS BEESWAX ,1,Alameda ,  ,  ,1350,2,LBS ,2700
2000,481999,APIARY PRODUCTS HONEY ,1,Alameda ,  ,  ,38000,1,LBS ,19000
2000,486999,APIARY PRODUCTS POLLIN. FEES ,1,Alameda ,  ,  ,1400,31,COL ,43400
2000,409999,CATTLE & CALVES UNSPECIFIED ,1,Alameda ,  ,  ,  ,  ,  ,6250000
2000,198999,FIELD CROPS UNSPECIFIED ,1,Alameda ,2310,  ,  ,  ,  ,475000
2000,867999,FLOWERS CUT UNSPECIFIED ,1,Alameda ,  ,  ,  ,  ,  ,1589000
2000,218899,FRUITS & NUTS UNSPECIFIED ,1,Alameda ,88,  ,  ,  ,  ,19000
2000,216299,GRAPES WINE ,1,Alameda ,2602,2.11,5483,1185,TON ,6498000
2000,181999,HAY ALFALFA ,1,Alameda ,519,3.6,1868,90,TON ,168000
2000,188999,HAY OTHER UNSPECIFIED ,1,Alameda ,3270,2.3,7521,70,TON ,526000
2000,469999,LIVESTOCK UNSPECIFIED ,1,Alameda ,  ,  ,  ,  ,  ,55000
2000,899999,NURSERY PRODUCTS MISC. ,1,Alameda ,  ,  ,  ,  ,  ,3728000
2000,895999,NURSERY WOODY ORNAMNTALS ,1,Alameda ,  ,  ,  ,  ,  ,8732000
2000,194699,PASTURE RANGE ,1,Alameda ,200000,  ,  ,  ,  ,2850000
2000,398999,VEGETABLES UNSPECIFIED ,1,Alameda ,  ,  ,  ,  ,  ,958000
2001,482999,APIARY PRODUCTS BEESWAX ,1,Alameda ,  ,  ,500,1.6,LBS ,800
2001,481999,APIARY PRODUCTS HONEY ,1,Alameda ,  ,  ,19000,0.68,LBS ,13000
2001,486999,APIARY PRODUCTS POLLIN. FEES ,1,Alameda ,  ,  ,1400,43,COL ,60200
2001,409999,CATTLE & CALVES UNSPECIFIED ,1,Alameda ,  ,  ,  ,  ,  ,5707000
2001,198999,FIELD CROPS UNSPECIFIED ,1,Alameda ,2200,  ,  ,  ,  ,425000
2001,867999,FLOWERS CUT UNSPECIFIED ,1,Alameda ,  ,  ,  ,  ,  ,1100000
2001,218899,FRUITS & NUTS UNSPECIFIED ,1,Alameda ,88,  ,  ,  ,  ,12000
2001,216299,GRAPES WINE ,1,Alameda ,3023,2.91,8797,1147,TONS ,10092000
2001,181999,HAY ALFALFA ,1,Alameda ,624,5,3120,120,TONS ,374000
2001,188999,HAY OTHER UNSPECIFIED ,1,Alameda ,3540,2.2,7788,90,TONS ,701000
2001,469999,LIVESTOCK UNSPECIFIED ,1,Alameda ,  ,  ,  ,  ,  ,51000
2001,899999,NURSERY PRODUCTS MISC. ,1,Alameda ,  ,  ,  ,  ,  ,3290000
2001,895999,NURSERY WOODY ORNAMNTALS ,1,Alameda ,  ,  ,  ,  ,  ,10718000
2001,194699,PASTURE RANGE ,1,Alameda ,199000,  ,  ,  ,  ,2985000
2001,398999,VEGETABLES UNSPECIFIED ,1,Alameda ,  ,  ,  ,  ,  ,975000
2002,482999,APIARY PRODUCTS BEESWAX ,1,Alameda ,  ,  ,500,1.8,LBS ,900
2002,481999,APIARY PRODUCTS HONEY ,1,Alameda ,  ,  ,30000,1.4,LBS ,42000
2002,486999,APIARY PRODUCTS POLLIN. FEES ,1,Alameda ,  ,  ,1400,40,COL ,56000
2002,409999,CATTLE & CALVES UNSPECIFIED ,1,Alameda ,  ,  ,  ,  ,  ,5090000
2002,198999,FIELD CROPS UNSPECIFIED ,1,Alameda ,1850,  ,  ,  ,  ,375000
2002,867999,FLOWERS CUT UNSPECIFIED ,1,Alameda ,  ,  ,  ,  ,  ,630000
2002,218899,FRUITS & NUTS UNSPECIFIED ,1,Alameda ,115,  ,  ,  ,  ,15000
2002,216299,GRAPES WINE ,1,Alameda ,2255,2.13,4793,1126,TON ,5398000
2002,181999,HAY ALFALFA ,1,Alameda ,871,5.1,4442,100,TON ,444000
2002,188999,HAY OTHER UNSPECIFIED ,1,Alameda ,3800,2.2,8360,70,TON ,585000
2002,469999,LIVESTOCK UNSPECIFIED ,1,Alameda ,  ,  ,  ,  ,  ,85000
2002,899999,NURSERY PRODUCTS MISC. ,1,Alameda ,  ,  ,  ,  ,  ,2053000
2002,895999,NURSERY WOODY ORNAMNTALS ,1,Alameda ,  ,  ,  ,  ,  ,11546000
2002,194699,PASTURE RANGE ,1,Alameda ,195000,  ,  ,  ,  ,2828000
2002,398999,VEGETABLES UNSPECIFIED ,1,Alameda ,  ,  ,  ,  ,  ,865000
2003,409999,CATTLE & CALVES UNSPECIFIED ,1,Alameda ,  ,  ,  ,  ,  ,6639000
2003,198999,FIELD CROPS UNSPECIFIED ,1,Alameda ,1450,  ,  ,  ,  ,320000
2003,218899,FRUITS & NUTS UNSPECIFIED ,1,Alameda ,115,  ,  ,  ,  ,10000
2003,216299,GRAPES WINE ,1,Alameda ,2284,3.21,7325,1077.41,TON ,7892000
2003,181999,HAY ALFALFA ,1,Alameda ,775,5.69,4410,99.09,TON ,437000
2003,188999,HAY OTHER UNSPECIFIED ,1,Alameda ,3554,2,7108,84.97,TON ,604000
2003,469999,LIVESTOCK UNSPECIFIED ,1,Alameda ,  ,  ,  ,  ,  ,203000
2003,899999,NURSERY PRODUCTS MISC. ,1,Alameda ,  ,  ,  ,  ,  ,2779000
2003,895999,NURSERY WOODY ORNAMNTALS ,1,Alameda ,  ,  ,  ,  ,  ,14951000
2003,194699,PASTURE RANGE ,1,Alameda ,191000,  ,  ,  ,  ,3056000
2003,398999,VEGETABLES UNSPECIFIED ,1,Alameda ,  ,  ,  ,  ,  ,451000
2004,409999,CATTLE & CALVES UNSPECIFIED ,1,Alameda ,  ,  ,  ,  ,  ,7682000
2004,216299,GRAPES WINE ,1,Alameda ,2526,3.6,9094,995.38,TONS ,9052000
2004,181999,HAY ALFALFA ,1,Alameda ,830,7.75,6430,130.02,TONS ,836000
2004,188999,HAY OTHER UNSPECIFIED ,1,Alameda ,3624,2.75,9966,84.99,TONS ,847000
2004,895999,NURSERY WOODY ORNAMNTALS ,1,Alameda ,  ,  ,  ,  ,  ,14839000
2004,194699,PASTURE RANGE ,1,Alameda ,189000,  ,  ,  ,ACRE ,3094000
2005,409999,CATTLE & CALVES UNSPECIFIED ,1,Alameda ,  ,  ,  ,  ,  ,8550000
2005,198999,FIELD CROPS UNSPECIFIED ,1,Alameda ,  ,  ,  ,  ,  ,65000
2005,218899,FRUITS & NUTS UNSPECIFIED ,1,Alameda ,  ,  ,  ,  ,  ,28400
2005,216299,GRAPES WINE ,1,Alameda ,2169,4.24,9189,930.68,TONS ,8552000
2005,181999,HAY ALFALFA ,1,Alameda ,753,4.37,3290,144.98,TONS ,477000
2005,188999,HAY OTHER UNSPECIFIED ,1,Alameda ,4820,2.5,12050,86.97,TONS ,1048000
2005,469999,LIVESTOCK UNSPECIFIED ,1,Alameda ,  ,  ,  ,  ,  ,145000
2005,899999,NURSERY PRODUCTS MISC. ,1,Alameda ,  ,  ,  ,  ,  ,2932000
2005,895999,NURSERY WOODY ORNAMNTALS ,1,Alameda ,  ,  ,  ,  ,  ,18133000
2005,194699,PASTURE RANGE ,1,Alameda ,190000,  ,  ,  ,  ,3338000
2005,398999,VEGETABLES UNSPECIFIED ,1,Alameda ,  ,  ,  ,  ,  ,683000
2006,409999,CATTLE & CALVES UNSPECIFIED ,1,Alameda ,  ,  ,  ,  ,  ,8721200
2006,198999,FIELD CROPS UNSPECIFIED ,1,Alameda ,315,  ,  ,  ,  ,266000
2006,218899,FRUITS & NUTS UNSPECIFIED ,1,Alameda ,116,  ,  ,  ,  ,20400
2006,216299,GRAPES WINE ,1,Alameda ,2281,3.74,8534,937.97,TONS ,8004600
2006,181999,HAY ALFALFA ,1,Alameda ,389,5.37,2089,142.99,TONS ,298700
2006,188999,HAY OTHER UNSPECIFIED ,1,Alameda ,3648,3,10944,86,TONS ,941200
2006,469999,LIVESTOCK UNSPECIFIED ,1,Alameda ,  ,  ,  ,  ,  ,155000
2006,899999,NURSERY PRODUCTS MISC. ,1,Alameda ,  ,  ,  ,  ,  ,2630700
2006,895999,NURSERY WOODY ORNAMNTALS ,1,Alameda ,  ,  ,  ,  ,  ,17820000
2006,194699,PASTURE RANGE ,1,Alameda ,189000,  ,  ,  ,  ,3377400
2006,398999,VEGETABLES UNSPECIFIED ,1,Alameda ,  ,  ,  ,  ,  ,1178400
2007,409999,CATTLE & CALVES UNSPECIFIED ,1,Alameda ,  ,  ,  ,  ,  ,7191000
2007,198999,FIELD CROPS UNSPECIFIED ,1,Alameda ,300,  ,  ,  ,  ,248000
2007,218899,FRUITS & NUTS UNSPECIFIED ,1,Alameda ,167,  ,  ,  ,  ,61000
2007,216299,GRAPES WINE ,1,Alameda ,1916,3.93,7526,857.69,TONS ,6455000
2007,181999,HAY ALFALFA ,1,Alameda ,679,5.14,3490,179.08,TONS ,625000
2007,188999,HAY OTHER UNSPECIFIED ,1,Alameda ,3220,1.7,5474,103.95,TONS ,569000
2007,469999,LIVESTOCK UNSPECIFIED ,1,Alameda ,  ,  ,  ,  ,  ,329000
2007,899999,NURSERY PRODUCTS MISC. ,1,Alameda ,  ,  ,  ,  ,  ,2737000
2007,895999,NURSERY WOODY ORNAMNTALS ,1,Alameda ,  ,  ,  ,  ,  ,20393000
2007,194699,PASTURE RANGE ,1,Alameda ,189000,  ,  ,  ,  ,3232000
2007,398999,VEGETABLES UNSPECIFIED ,1,Alameda ,  ,  ,  ,  ,  ,601000
2008,409999,CATTLE & CALVES UNSPECIFIED ,1,Alameda ,  ,  ,  ,  ,  ,7757000
2008,198999,FIELD CROPS UNSPECIFIED ,1,Alameda ,10,  ,  ,  ,  ,120000
2008,218899,FRUITS & NUTS UNSPECIFIED ,1,Alameda ,295,  ,  ,  ,  ,186000
2008,216299,GRAPES WINE ,1,Alameda ,2526,3.73,9417,911.76,TONS ,8586000
2008,181999,HAY ALFALFA ,1,Alameda ,495,5.32,2635,203.04,TONS ,535000
2008,188999,HAY OTHER UNSPECIFIED ,1,Alameda ,3795,1.59,6020,110.3,TONS ,664000
2008,469999,LIVESTOCK UNSPECIFIED ,1,Alameda ,  ,  ,  ,  ,  ,56000
2008,899999,NURSERY PRODUCTS MISC. ,1,Alameda ,  ,  ,  ,  ,  ,1007000
2008,895999,NURSERY WOODY ORNAMNTALS ,1,Alameda ,  ,  ,  ,  ,  ,18310000
2008,194699,PASTURE RANGE ,1,Alameda ,189000,  ,  ,  ,  ,3219000
2008,398999,VEGETABLES UNSPECIFIED ,1,Alameda ,80,  ,  ,  ,  ,745000
2009,409999,CATTLE & CALVES UNSPECIFIED ,1,Alameda ,  ,  ,  ,  ,  ,4650000
2009,198999,FIELD CROPS UNSPECIFIED ,1,Alameda ,293,  ,  ,  ,  ,265000
2009,218899,FRUITS & NUTS UNSPECIFIED ,1,Alameda ,213,  ,  ,  ,  ,119000
2009,216299,GRAPES WINE ,1,Alameda ,2410,5.02,12110,1158.13,Tons ,14025000
2009,181999,HAY ALFALFA ,1,Alameda ,259,5.73,1483,129.47,Tons ,192000
2009,188999,HAY OTHER UNSPECIFIED ,1,Alameda ,4480,1.8,8061,82.62,Tons ,666000
2009,469999,LIVESTOCK UNSPECIFIED ,1,Alameda ,  ,  ,  ,  ,  ,125000
2009,899999,NURSERY PRODUCTS MISC. ,1,Alameda ,10,  ,  ,  ,  ,1115000
2009,895999,NURSERY WOODY ORNAMNTALS ,1,Alameda ,163,  ,  ,  ,  ,12564000
2009,194699,PASTURE RANGE ,1,Alameda ,183000,  ,  ,  ,  ,2608000
2009,398999,VEGETABLES UNSPECIFIED ,1,Alameda ,83,  ,  ,  ,  ,838000
2010,409999,CATTLE & CALVES UNSPECIFIED ,1,Alameda ,,  ,  ,  ,  ,6231000
2010,198999,FIELD CROPS UNSPECIFIED ,1,Alameda ,220,  ,  ,  ,  ,88000
2010,218899,FRUITS & NUTS UNSPECIFIED ,1,Alameda ,316,  ,  ,  ,  ,575000
2010,216299,GRAPES WINE ,1,Alameda ,2240,5.63,12600,906.27,Tons ,11419000
2010,181999,HAY ALFALFA ,1,Alameda ,1070,4.64,4960,97.98,Tons ,486000
2010,188999,HAY OTHER UNSPECIFIED ,1,Alameda ,5210,1.67,8710,100.8,Tons ,878000
2010,469999,LIVESTOCK UNSPECIFIED ,1,Alameda ,  ,  ,  ,  ,  ,216000
2010,899999,NURSERY PRODUCTS MISC. ,1,Alameda ,66,  ,  ,  ,  ,1286000
2010,895999,NURSERY WOODY ORNAMNTALS ,1,Alameda ,158,  ,  ,  ,  ,10190000
2010,194699,PASTURE RANGE ,1,Alameda ,182000,  ,  ,  ,  ,3030000
2010,398999,VEGETABLES UNSPECIFIED ,1,Alameda ,82,  ,  ,  ,  ,897000
2011,409999,CATTLE & CALVES UNSPECIFIED ,1,Alameda ,  ,  ,  ,  ,  ,10329000
2011,198999,FIELD CROPS UNSPECIFIED ,1,Alameda ,973,  ,  ,  ,  ,715000
2011,218899,FRUITS & NUTS UNSPECIFIED ,1,Alameda ,321,  ,  ,  ,  ,127000
2011,216299,GRAPES WINE ,1,Alameda ,2650,3.47,9190,1296.63,Tons ,11916000
2011,181999,HAY ALFALFA ,1,Alameda ,704,4.62,3250,220,Tons ,715000
2011,188999,HAY OTHER UNSPECIFIED ,1,Alameda ,4770,1.5,7160,155.73,Tons ,1115000
2011,469999,LIVESTOCK UNSPECIFIED ,1,Alameda ,  ,  ,  ,  ,  ,565000
2011,899999,NURSERY PRODUCTS MISC. ,1,Alameda ,68,  ,  ,  ,  ,1282000
2011,895999,NURSERY WOODY ORNAMNTALS ,1,Alameda ,158,  ,  ,  ,  ,10865000
2011,194699,PASTURE RANGE ,1,Alameda ,182000,  ,  ,  ,  ,2766000
2011,398999,VEGETABLES UNSPECIFIED ,1,Alameda ,82,  ,  ,  ,  ,785000
2012,409999,CATTLE & CALVES UNSPECIFIED ,1,Alameda , , , , , ,8191000
2012,198999,FIELD CROPS UNSPECIFIED ,1,Alameda ,640, , , , ,404000
2012,218899,FRUITS & NUTS UNSPECIFIED ,1,Alameda ,343, , , , ,495000
2012,216299,GRAPES WINE ,1,Alameda ,2940,3.74,11000,1251.27,Tons ,13764000
2012,181999,HAY ALFALFA ,1,Alameda ,789,5.06,3990,233.08,Tons ,930000
2012,188999,HAY OTHER UNSPECIFIED ,1,Alameda ,5240,1.52,7970,157.09,Tons ,1252000
2012,469999,LIVESTOCK UNSPECIFIED ,1,Alameda , , , , , ,518000
2012,899999,NURSERY PRODUCTS MISC. ,1,Alameda , , , , , ,1118000
2012,895999,NURSERY WOODY ORNAMNTALS ,1,Alameda , , , , , ,9413000
2012,194699,PASTURE RANGE ,1,Alameda ,182000, , , , ,3025000
2012,398999,VEGETABLES UNSPECIFIED ,1,Alameda ,83, , , , ,949000
2013,409999,CATTLE & CALVES UNSPECIFIED,1,Alameda,,,,,,10309000
2013,198999,FIELD CROPS UNSPECIFIED,1,Alameda,1100,,,,,733000
2013,218899,FRUITS & NUTS UNSPECIFIED,1,Alameda,338,,,,,159000
2013,216299,GRAPES WINE,1,Alameda,2800,5.82,16300,979.45,tons,15965000
2013,181999,HAY ALFALFA,1,Alameda,529,5.47,2894,224.95,tons,651000
2013,188999,HAY OTHER UNSPECIFIED,1,Alameda,4110,1.33,5470,183,tons,1001000
2013,469999,LIVESTOCK UNSPECIFIED,1,Alameda,,,,,,723000
2013,899999,NURSERY PRODUCTS MISC.,1,Alameda,,,,,,1218000
2013,895999,NURSERY WOODY ORNAMNTALS,1,Alameda,,,,,,7159000
2013,194699,PASTURE RANGE,1,Alameda,178000,,,,,3019000
2013,398999,VEGETABLES UNSPECIFIED,1,Alameda,81,,,,,1020000
2014,409999,CATTLE & CALVES UNSPECIFIED,1,Alameda,,,,,,15016000
2014,198999,FIELD CROPS UNSPECIFIED,1,Alameda,979,,,,,593000
2014,218899,FRUITS & NUTS UNSPECIFIED,1,Alameda,319,,,,,662000
2014,216299,GRAPES WINE,1,Alameda,2420,4.38,10600,1486.42,Tons,15756000
2014,181999,HAY ALFALFA,1,Alameda,524,4.71,2470,237.65,Tons,587000
2014,188999,HAY OTHER UNSPECIFIED,1,Alameda,3380,0.89,3010,182.06,Tons,548000
2014,469999,LIVESTOCK UNSPECIFIED,1,Alameda,,,,,,778000
2014,899999,NURSERY PRODUCTS MISC.,1,Alameda,60,,,,,978000
2014,895999,NURSERY WOODY ORNAMNTALS,1,Alameda,124,,,,,6988000
2014,194699,PASTURE RANGE,1,Alameda,178000,,,,,3191000
2014,398999,VEGETABLES UNSPECIFIED,1,Alameda,112,,,,,1215000
