Crop,District,Season,State,Year,Latitude (generated),Longitude (generated),Area(in Hectares),Production(in Tonnes)
Wheat,DIMAPUR,Rabi,NAGALAND,2010,25.9,93.733,370,630
Wheat,DIMAPUR,Rabi,NAGALAND,2008,25.9,93.733,190,280
Wheat,DIMAPUR,Rabi,NAGALAND,2007,25.9,93.733,150,270
Wheat,DIMAPUR,Rabi,NAGALAND,2006,25.9,93.733,400,280
Wheat,DIMAPUR,Rabi,NAGALAND,2005,25.9,93.733,310,400
Wheat,DIMAPUR,Rabi,NAGALAND,2004,25.9,93.733,1280,2230
Wheat,DIMAPUR,Rabi,NAGALAND,2003,25.9,93.733,2100,3830
Wheat,DIMAPUR,Rabi,NAGALAND,2002,25.9,93.733,2030,4310
Wheat,DIMAPUR,Rabi,NAGALAND,2001,25.9,93.733,1480,3810
Wheat,DIMAPUR,Rabi,NAGALAND,2000,25.9,93.733,1100,2500
Wheat,UDALGURI,Rabi,ASSAM,2010,26.766,92.133,1415,1163
Wheat,UDALGURI,Rabi,ASSAM,2009,26.766,92.133,2589,2815
Wheat,UDALGURI,Rabi,ASSAM,2008,26.766,92.133,1643,1292
Wheat,UDALGURI,Rabi,ASSAM,2007,26.766,92.133,3088,3099
Wheat,UDALGURI,Rabi,ASSAM,2006,26.766,92.133,5575,3351
Wheat,UDALGURI,Rabi,ASSAM,2005,26.766,92.133,4160,3844
Wheat,HAILAKANDI,Rabi,ASSAM,2010,24.683,92.566,50,63
Wheat,HAILAKANDI,Rabi,ASSAM,2009,24.683,92.566,35,38
Wheat,HAILAKANDI,Rabi,ASSAM,2007,24.683,92.566,70,88
Wheat,HAILAKANDI,Rabi,ASSAM,2006,24.683,92.566,35,40
Wheat,HAILAKANDI,Rabi,ASSAM,2005,24.683,92.566,4,
Wheat,HAILAKANDI,Rabi,ASSAM,2004,24.683,92.566,7,7
Wheat,HAILAKANDI,Rabi,ASSAM,2003,24.683,92.566,4,4
Wheat,HAILAKANDI,Rabi,ASSAM,2002,24.683,92.566,5,6
Wheat,HAILAKANDI,Rabi,ASSAM,2001,24.683,92.566,25,30
Wheat,HAILAKANDI,Rabi,ASSAM,2000,24.683,92.566,5,6
Wheat,HAILAKANDI,Rabi,ASSAM,1999,24.683,92.566,10,13
Wheat,HAILAKANDI,Rabi,ASSAM,1998,24.683,92.566,15,15
Urad,DIMAPUR,Rabi,NAGALAND,2010,25.9,93.733,110,80
Urad,DIMAPUR,Rabi,NAGALAND,2008,25.9,93.733,110,80
Urad,DIMAPUR,Rabi,NAGALAND,2006,25.9,93.733,320,370
Urad,UDALGURI,Rabi,ASSAM,2010,26.766,92.133,2317,994
Urad,UDALGURI,Rabi,ASSAM,2009,26.766,92.133,2118,1088
Urad,UDALGURI,Rabi,ASSAM,2008,26.766,92.133,2294,943
Urad,UDALGURI,Rabi,ASSAM,2007,26.766,92.133,2188,1337
Urad,UDALGURI,Rabi,ASSAM,2006,26.766,92.133,2100,1100
Urad,UDALGURI,Rabi,ASSAM,2005,26.766,92.133,1994,929
Urad,HAILAKANDI,Rabi,ASSAM,2010,24.683,92.566,235,131
Urad,HAILAKANDI,Rabi,ASSAM,2009,24.683,92.566,359,203
Urad,HAILAKANDI,Rabi,ASSAM,2008,24.683,92.566,370,215
Urad,HAILAKANDI,Rabi,ASSAM,2007,24.683,92.566,360,191
Urad,HAILAKANDI,Rabi,ASSAM,2006,24.683,92.566,346,178
Urad,HAILAKANDI,Rabi,ASSAM,2005,24.683,92.566,330,162
Urad,HAILAKANDI,Rabi,ASSAM,2004,24.683,92.566,350,201
Urad,HAILAKANDI,Rabi,ASSAM,2003,24.683,92.566,355,186
Urad,HAILAKANDI,Rabi,ASSAM,2002,24.683,92.566,360,179
Urad,HAILAKANDI,Rabi,ASSAM,2001,24.683,92.566,350,195
Turmeric,DIMAPUR,Kharif,NAGALAND,2008,25.9,93.733,250,1140
Turmeric,DIMAPUR,Kharif,NAGALAND,2007,25.9,93.733,40,170
Turmeric,CHURACHANDPUR,Whole year,MANIPUR,2002,24.333,93.666,60,40
Turmeric,CHURACHANDPUR,Whole year,MANIPUR,1999,24.333,93.666,20,10
Turmeric,CHURACHANDPUR,Winter,MANIPUR,1998,24.333,93.666,20,10
Turmeric,CHURACHANDPUR,Autumn,MANIPUR,1998,24.333,93.666,10,10
Turmeric,UDALGURI,Rabi,ASSAM,2010,26.766,92.133,621,379
Turmeric,UDALGURI,Rabi,ASSAM,2009,26.766,92.133,606,370
Turmeric,UDALGURI,Whole year,ASSAM,2008,26.766,92.133,558,340
Turmeric,UDALGURI,Whole year,ASSAM,2007,26.766,92.133,745,454
Turmeric,UDALGURI,Whole year,ASSAM,2006,26.766,92.133,820,500
Turmeric,UDALGURI,Whole year,ASSAM,2005,26.766,92.133,726,443
Turmeric,HAILAKANDI,Rabi,ASSAM,2010,24.683,92.566,250,126
Turmeric,HAILAKANDI,Rabi,ASSAM,2009,24.683,92.566,208,105
Turmeric,HAILAKANDI,Whole year,ASSAM,2008,24.683,92.566,230,116
Turmeric,HAILAKANDI,Whole year,ASSAM,2007,24.683,92.566,230,116
Turmeric,HAILAKANDI,Whole year,ASSAM,2006,24.683,92.566,225,114
Turmeric,HAILAKANDI,Whole year,ASSAM,2005,24.683,92.566,200,101
Turmeric,HAILAKANDI,Whole year,ASSAM,2004,24.683,92.566,200,101
Turmeric,HAILAKANDI,Whole year,ASSAM,2002,24.683,92.566,200,101
Turmeric,HAILAKANDI,Whole year,ASSAM,2001,24.683,92.566,170,86
Turmeric,HAILAKANDI,Whole year,ASSAM,2000,24.683,92.566,180,91
Turmeric,HAILAKANDI,Whole year,ASSAM,1999,24.683,92.566,200,101
Turmeric,HAILAKANDI,Whole year,ASSAM,1998,24.683,92.566,150,76
Tomato,CHURACHANDPUR,Whole year,MANIPUR,2003,24.333,93.666,50,400
Tomato,CHURACHANDPUR,Whole year,MANIPUR,2002,24.333,93.666,48,248
Tobacco,UDALGURI,Kharif,ASSAM,2010,26.766,92.133,2,1
Tobacco,UDALGURI,Kharif,ASSAM,2009,26.766,92.133,5,3
Tobacco,UDALGURI,Whole year,ASSAM,2007,26.766,92.133,2,1
Tobacco,UDALGURI,Whole year,ASSAM,2006,26.766,92.133,1,1
Tobacco,UDALGURI,Whole year,ASSAM,2005,26.766,92.133,2,1
Tobacco,HAILAKANDI,Kharif,ASSAM,2010,24.683,92.566,1,1
Tobacco,HAILAKANDI,Kharif,ASSAM,2009,24.683,92.566,1,1
Tobacco,HAILAKANDI,Whole year,ASSAM,2008,24.683,92.566,1,1
Tobacco,HAILAKANDI,Whole year,ASSAM,2006,24.683,92.566,1,1
Tobacco,HAILAKANDI,Whole year,ASSAM,2005,24.683,92.566,1,
Tobacco,HAILAKANDI,Whole year,ASSAM,2004,24.683,92.566,1,1
Tobacco,HAILAKANDI,Whole year,ASSAM,2002,24.683,92.566,1,1
Tobacco,HAILAKANDI,Whole year,ASSAM,2001,24.683,92.566,1,1
Tobacco,HAILAKANDI,Whole year,ASSAM,2000,24.683,92.566,1,1
Tobacco,HAILAKANDI,Whole year,ASSAM,1999,24.683,92.566,1,1
Tea,DIMAPUR,Kharif,NAGALAND,2007,25.9,93.733,260,1200
Tea,DIMAPUR,Whole year,NAGALAND,2003,25.9,93.733,260,1600
Tea,DIMAPUR,Whole year,NAGALAND,2002,25.9,93.733,210,1570
Tea,DIMAPUR,Whole year,NAGALAND,2001,25.9,93.733,190,1540
Tea,DIMAPUR,Whole year,NAGALAND,2000,25.9,93.733,170,1490
Tapioca,DIMAPUR,Kharif,NAGALAND,2010,25.9,93.733,90,2120
Tapioca,DIMAPUR,Kharif,NAGALAND,2008,25.9,93.733,150,3450
Tapioca,DIMAPUR,Kharif,NAGALAND,2007,25.9,93.733,80,1840
Tapioca,CHURACHANDPUR,Whole year,MANIPUR,2003,24.333,93.666,50,280
Tapioca,CHURACHANDPUR,Whole year,MANIPUR,2002,24.333,93.666,30,300
Tapioca,UDALGURI,Rabi,ASSAM,2010,26.766,92.133,266,1131
Tapioca,UDALGURI,Rabi,ASSAM,2009,26.766,92.133,257,1092
Tapioca,UDALGURI,Whole year,ASSAM,2008,26.766,92.133,223,948
Tapioca,UDALGURI,Whole year,ASSAM,2007,26.766,92.133,187,795
Tapioca,UDALGURI,Whole year,ASSAM,2006,26.766,92.133,197,837
Tapioca,UDALGURI,Whole year,ASSAM,2005,26.766,92.133,185,786
Tapioca,HAILAKANDI,Rabi,ASSAM,2010,24.683,92.566,4,18
Tapioca,HAILAKANDI,Rabi,ASSAM,2009,24.683,92.566,4,18
Tapioca,HAILAKANDI,Whole year,ASSAM,2008,24.683,92.566,3,14
Tapioca,HAILAKANDI,Whole year,ASSAM,2007,24.683,92.566,2,9
Tapioca,HAILAKANDI,Whole year,ASSAM,2006,24.683,92.566,3,13
Tapioca,HAILAKANDI,Whole year,ASSAM,2005,24.683,92.566,3,13
Tapioca,HAILAKANDI,Whole year,ASSAM,2003,24.683,92.566,7,31
Tapioca,HAILAKANDI,Whole year,ASSAM,2002,24.683,92.566,7,31
Tapioca,HAILAKANDI,Whole year,ASSAM,2000,24.683,92.566,5,22
Tapioca,HAILAKANDI,Whole year,ASSAM,1999,24.683,92.566,5,22
Tapioca,HAILAKANDI,Whole year,ASSAM,1998,24.683,92.566,5,22
Sweet potato,CHURACHANDPUR,Whole year,MANIPUR,2003,24.333,93.666,15,99
Sweet potato,CHURACHANDPUR,Whole year,MANIPUR,2002,24.333,93.666,5,25
Sweet potato,UDALGURI,Rabi,ASSAM,2010,26.766,92.133,218,545
Sweet potato,UDALGURI,Rabi,ASSAM,2009,26.766,92.133,236,590
Sweet potato,UDALGURI,Rabi,ASSAM,2008,26.766,92.133,154,385
Sweet potato,UDALGURI,Whole year,ASSAM,2007,26.766,92.133,255,638
Sweet potato,UDALGURI,Whole year,ASSAM,2006,26.766,92.133,325,813
Sweet potato,UDALGURI,Whole year,ASSAM,2005,26.766,92.133,260,653
Sweet potato,HAILAKANDI,Rabi,ASSAM,2010,24.683,92.566,50,161
Sweet potato,HAILAKANDI,Rabi,ASSAM,2009,24.683,92.566,52,168
Sweet potato,HAILAKANDI,Rabi,ASSAM,2008,24.683,92.566,40,129
Sweet potato,HAILAKANDI,Whole year,ASSAM,2007,24.683,92.566,50,160
Sweet potato,HAILAKANDI,Whole year,ASSAM,2006,24.683,92.566,65,211
Sweet potato,HAILAKANDI,Whole year,ASSAM,2005,24.683,92.566,60,192
Sweet potato,HAILAKANDI,Whole year,ASSAM,2004,24.683,92.566,80,254
Sweet potato,HAILAKANDI,Whole year,ASSAM,2003,24.683,92.566,70,235
Sweet potato,HAILAKANDI,Whole year,ASSAM,2002,24.683,92.566,80,247
Sweet potato,HAILAKANDI,Whole year,ASSAM,2001,24.683,92.566,80,247
Sweet potato,HAILAKANDI,Whole year,ASSAM,2000,24.683,92.566,5,19
Sweet potato,HAILAKANDI,Whole year,ASSAM,1999,24.683,92.566,90,278
Sweet potato,HAILAKANDI,Whole year,ASSAM,1998,24.683,92.566,90,350
Sunflower,DIMAPUR,Rabi,NAGALAND,2010,25.9,93.733,590,310
Sunflower,DIMAPUR,Kharif,NAGALAND,2008,25.9,93.733,40,30
Sunflower,DIMAPUR,Rabi,NAGALAND,2007,25.9,93.733,470,490
Sunflower,DIMAPUR,Rabi,NAGALAND,2006,25.9,93.733,430,390
Sunflower,DIMAPUR,Kharif,NAGALAND,2006,25.9,93.733,260,220
Sunflower,DIMAPUR,Rabi,NAGALAND,2005,25.9,93.733,200,200
Sunflower,DIMAPUR,Kharif,NAGALAND,2005,25.9,93.733,320,200
Sunflower,DIMAPUR,Rabi,NAGALAND,2004,25.9,93.733,100,200
Sunflower,DIMAPUR,Kharif,NAGALAND,2004,25.9,93.733,300,200
Sunflower,DIMAPUR,Rabi,NAGALAND,2003,25.9,93.733,140,140
Sunflower,DIMAPUR,Kharif,NAGALAND,2003,25.9,93.733,410,430
Sunflower,DIMAPUR,Rabi,NAGALAND,2002,25.9,93.733,230,630
Sunflower,DIMAPUR,Kharif,NAGALAND,2002,25.9,93.733,990,2260
Sunflower,DIMAPUR,Rabi,NAGALAND,2001,25.9,93.733,450,600
Sunflower,DIMAPUR,Kharif,NAGALAND,2001,25.9,93.733,230,260
Sunflower,DIMAPUR,Rabi,NAGALAND,2000,25.9,93.733,200,230
Sunflower,DIMAPUR,Kharif,NAGALAND,2000,25.9,93.733,780,580
Sugarcane,DIMAPUR,Kharif,NAGALAND,2010,25.9,93.733,1100,47840
Sugarcane,DIMAPUR,Kharif,NAGALAND,2008,25.9,93.733,1020,43960
Sugarcane,DIMAPUR,Kharif,NAGALAND,2007,25.9,93.733,1900,104640
Sugarcane,DIMAPUR,Whole year,NAGALAND,2006,25.9,93.733,2360,135880
Sugarcane,DIMAPUR,Whole year,NAGALAND,2005,25.9,93.733,2120,160100
Sugarcane,DIMAPUR,Whole year,NAGALAND,2004,25.9,93.733,1180,126040
Sugarcane,DIMAPUR,Whole year,NAGALAND,2003,25.9,93.733,1510,78610
Sugarcane,DIMAPUR,Whole year,NAGALAND,2002,25.9,93.733,1040,22730
Sugarcane,DIMAPUR,Whole year,NAGALAND,2001,25.9,93.733,250,24690
Sugarcane,DIMAPUR,Whole year,NAGALAND,2000,25.9,93.733,230,21310
Sugarcane,CHURACHANDPUR,Whole year,MANIPUR,2007,24.333,93.666,400,13070
Sugarcane,CHURACHANDPUR,Whole year,MANIPUR,2006,24.333,93.666,90,2940
Sugarcane,CHURACHANDPUR,Whole year,MANIPUR,2004,24.333,93.666,170,5550
Sugarcane,CHURACHANDPUR,Whole year,MANIPUR,2003,24.333,93.666,20,650
Sugarcane,CHURACHANDPUR,Whole year,MANIPUR,2002,24.333,93.666,100,3270
Sugarcane,CHURACHANDPUR,Whole year,MANIPUR,2000,24.333,93.666,120,3920
Sugarcane,CHURACHANDPUR,Whole year,MANIPUR,1999,24.333,93.666,400,13060
Sugarcane,CHURACHANDPUR,Winter,MANIPUR,1998,24.333,93.666,10,330
Sugarcane,CHURACHANDPUR,Autumn,MANIPUR,1998,24.333,93.666,110,3590
Sugarcane,UDALGURI,Kharif,ASSAM,2010,26.766,92.133,892,40077
Sugarcane,UDALGURI,Kharif,ASSAM,2009,26.766,92.133,773,24751
Sugarcane,UDALGURI,Kharif,ASSAM,2008,26.766,92.133,788,36461
Sugarcane,UDALGURI,Whole year,ASSAM,2007,26.766,92.133,793,26232
Sugarcane,UDALGURI,Whole year,ASSAM,2006,26.766,92.133,667,22158
Sugarcane,UDALGURI,Whole year,ASSAM,2005,26.766,92.133,677,28485
Sugarcane,HAILAKANDI,Kharif,ASSAM,2010,24.683,92.566,200,7239
Sugarcane,HAILAKANDI,Kharif,ASSAM,2009,24.683,92.566,210,8211
Sugarcane,HAILAKANDI,Kharif,ASSAM,2008,24.683,92.566,205,5535
Sugarcane,HAILAKANDI,Whole year,ASSAM,2007,24.683,92.566,210,7996
Sugarcane,HAILAKANDI,Whole year,ASSAM,2006,24.683,92.566,205,8125
Sugarcane,HAILAKANDI,Whole year,ASSAM,2005,24.683,92.566,225,8775
Sugarcane,HAILAKANDI,Whole year,ASSAM,2004,24.683,92.566,230,9522
Sugarcane,HAILAKANDI,Whole year,ASSAM,2003,24.683,92.566,220,4312
Sugarcane,HAILAKANDI,Whole year,ASSAM,2002,24.683,92.566,230,4922
Sugarcane,HAILAKANDI,Whole year,ASSAM,2001,24.683,92.566,230,6624
Sugarcane,HAILAKANDI,Whole year,ASSAM,2000,24.683,92.566,228,10819
Sugarcane,HAILAKANDI,Whole year,ASSAM,1999,24.683,92.566,225,14940
Sugarcane,HAILAKANDI,Whole year,ASSAM,1998,24.683,92.566,300,17400
Soyabean,DIMAPUR,Kharif,NAGALAND,2010,25.9,93.733,2010,2490
Soyabean,DIMAPUR,Kharif,NAGALAND,2008,25.9,93.733,2000,3300
Soyabean,DIMAPUR,Kharif,NAGALAND,2007,25.9,93.733,2180,4250
Soyabean,DIMAPUR,Kharif,NAGALAND,2006,25.9,93.733,5130,6170
Soyabean,DIMAPUR,Kharif,NAGALAND,2005,25.9,93.733,5480,5740
Soyabean,DIMAPUR,Kharif,NAGALAND,2004,25.9,93.733,4740,5950
Soyabean,DIMAPUR,Kharif,NAGALAND,2003,25.9,93.733,4390,4470
Soyabean,DIMAPUR,Kharif,NAGALAND,2002,25.9,93.733,2650,4000
Soyabean,DIMAPUR,Kharif,NAGALAND,2000,25.9,93.733,1420,2570
Soyabean,CHURACHANDPUR,Winter,MANIPUR,1998,24.333,93.666,30,40
Soyabean,CHURACHANDPUR,Autumn,MANIPUR,1998,24.333,93.666,20,20
Small millets,DIMAPUR,Kharif,NAGALAND,2006,25.9,93.733,3720,2280
Small millets,DIMAPUR,Kharif,NAGALAND,2005,25.9,93.733,2450,2770
Small millets,DIMAPUR,Kharif,NAGALAND,2004,25.9,93.733,970,980
Small millets,DIMAPUR,Kharif,NAGALAND,2003,25.9,93.733,800,890
Small millets,DIMAPUR,Kharif,NAGALAND,2002,25.9,93.733,1200,3200
Small millets,DIMAPUR,Kharif,NAGALAND,2001,25.9,93.733,1580,1780
Small millets,DIMAPUR,Kharif,NAGALAND,2000,25.9,93.733,1330,1600
Small millets,UDALGURI,Rabi,ASSAM,2008,26.766,92.133,20,12
Small millets,UDALGURI,Kharif,ASSAM,2007,26.766,92.133,64,39
Small millets,UDALGURI,Kharif,ASSAM,2006,26.766,92.133,81,49
Small millets,UDALGURI,Kharif,ASSAM,2005,26.766,92.133,91,55
Small millets,HAILAKANDI,Rabi,ASSAM,2008,24.683,92.566,5,3
Small millets,HAILAKANDI,Kharif,ASSAM,2007,24.683,92.566,7,4
Small millets,HAILAKANDI,Kharif,ASSAM,2006,24.683,92.566,7,4
Small millets,HAILAKANDI,Kharif,ASSAM,2005,24.683,92.566,5,3
Small millets,HAILAKANDI,Kharif,ASSAM,2004,24.683,92.566,5,3
Small millets,HAILAKANDI,Kharif,ASSAM,2003,24.683,92.566,5,3
Small millets,HAILAKANDI,Kharif,ASSAM,2002,24.683,92.566,5,3
Small millets,HAILAKANDI,Kharif,ASSAM,2001,24.683,92.566,5,3
Small millets,HAILAKANDI,Kharif,ASSAM,2000,24.683,92.566,5,3
Small millets,HAILAKANDI,Kharif,ASSAM,1999,24.683,92.566,5,3
Small millets,HAILAKANDI,Kharif,ASSAM,1998,24.683,92.566,5,3
Sesamum,DIMAPUR,Kharif,NAGALAND,2010,25.9,93.733,620,390
Sesamum,DIMAPUR,Kharif,NAGALAND,2008,25.9,93.733,730,530
Sesamum,DIMAPUR,Kharif,NAGALAND,2007,25.9,93.733,800,630
Sesamum,DIMAPUR,Kharif,NAGALAND,2006,25.9,93.733,850,550
Sesamum,DIMAPUR,Kharif,NAGALAND,2005,25.9,93.733,880,710
Sesamum,DIMAPUR,Kharif,NAGALAND,2004,25.9,93.733,120,110
Sesamum,DIMAPUR,Kharif,NAGALAND,2003,25.9,93.733,560,550
Sesamum,DIMAPUR,Kharif,NAGALAND,2002,25.9,93.733,1150,1040
Sesamum,DIMAPUR,Rabi,NAGALAND,2001,25.9,93.733,5000,4000
Sesamum,DIMAPUR,Kharif,NAGALAND,2000,25.9,93.733,460,520
Sesamum,CHURACHANDPUR,Kharif,MANIPUR,2007,24.333,93.666,890,440
Sesamum,CHURACHANDPUR,Kharif,MANIPUR,2006,24.333,93.666,1800,890
Sesamum,CHURACHANDPUR,Kharif,MANIPUR,2005,24.333,93.666,810,400
Sesamum,CHURACHANDPUR,Kharif,MANIPUR,2004,24.333,93.666,1860,920
Sesamum,CHURACHANDPUR,Kharif,MANIPUR,2003,24.333,93.666,750,370
Sesamum,CHURACHANDPUR,Kharif,MANIPUR,2000,24.333,93.666,900,440
Sesamum,CHURACHANDPUR,Kharif,MANIPUR,1999,24.333,93.666,780,390
Sesamum,UDALGURI,Rabi,ASSAM,2010,26.766,92.133,104,64
Sesamum,UDALGURI,Rabi,ASSAM,2009,26.766,92.133,91,56
Sesamum,UDALGURI,Rabi,ASSAM,2008,26.766,92.133,78,78
Sesamum,UDALGURI,Kharif,ASSAM,2007,26.766,92.133,511,315
Sesamum,UDALGURI,Kharif,ASSAM,2006,26.766,92.133,848,523
Sesamum,HAILAKANDI,Rabi,ASSAM,2010,24.683,92.566,60,22
Sesamum,HAILAKANDI,Rabi,ASSAM,2009,24.683,92.566,67,23
Sesamum,HAILAKANDI,Rabi,ASSAM,2008,24.683,92.566,70,25
Sesamum,HAILAKANDI,Kharif,ASSAM,2007,24.683,92.566,65,24
Sesamum,HAILAKANDI,Kharif,ASSAM,2006,24.683,92.566,65,20
Sesamum,HAILAKANDI,Kharif,ASSAM,2005,24.683,92.566,60,24
Sesamum,HAILAKANDI,Kharif,ASSAM,2004,24.683,92.566,65,26
Sesamum,HAILAKANDI,Kharif,ASSAM,2003,24.683,92.566,60,24
Sesamum,HAILAKANDI,Kharif,ASSAM,2002,24.683,92.566,60,24
Sesamum,HAILAKANDI,Kharif,ASSAM,2001,24.683,92.566,55,22
Sesamum,HAILAKANDI,Kharif,ASSAM,2000,24.683,92.566,55,22
Sesamum,HAILAKANDI,Kharif,ASSAM,1999,24.683,92.566,51,20
Sesamum,HAILAKANDI,Whole year,ASSAM,1998,24.683,92.566,52,21
Rice,DIMAPUR,Rabi,NAGALAND,2010,25.9,93.733,980,2310
Rice,DIMAPUR,Kharif,NAGALAND,2010,25.9,93.733,43950,100470
Rice,DIMAPUR,Kharif,NAGALAND,2008,25.9,93.733,40400,87300
Rice,DIMAPUR,Rabi,NAGALAND,2007,25.9,93.733,1030,1730
Rice,DIMAPUR,Kharif,NAGALAND,2007,25.9,93.733,29550,66880
Rice,DIMAPUR,Rabi,NAGALAND,2006,25.9,93.733,720,1150
Rice,DIMAPUR,Kharif,NAGALAND,2006,25.9,93.733,34360,54100
Rice,DIMAPUR,Rabi,NAGALAND,2005,25.9,93.733,650,1250
Rice,DIMAPUR,Kharif,NAGALAND,2005,25.9,93.733,34100,62390
Rice,DIMAPUR,Rabi,NAGALAND,2004,25.9,93.733,670,1350
Rice,DIMAPUR,Kharif,NAGALAND,2004,25.9,93.733,33310,62040
Rice,DIMAPUR,Rabi,NAGALAND,2003,25.9,93.733,580,1330
Rice,DIMAPUR,Kharif,NAGALAND,2003,25.9,93.733,29230,59020
Rice,DIMAPUR,Kharif,NAGALAND,2002,25.9,93.733,24850,44290
Rice,DIMAPUR,Rabi,NAGALAND,2001,25.9,93.733,1250,1400
Rice,DIMAPUR,Kharif,NAGALAND,2001,25.9,93.733,26300,47880
Rice,DIMAPUR,Rabi,NAGALAND,2000,25.9,93.733,1680,3330
Rice,DIMAPUR,Kharif,NAGALAND,2000,25.9,93.733,25740,45660
Rice,CHURACHANDPUR,Kharif,MANIPUR,2007,24.333,93.666,19720,35410
Rice,CHURACHANDPUR,Kharif,MANIPUR,2006,24.333,93.666,23190,43740
Rice,CHURACHANDPUR,Kharif,MANIPUR,2005,24.333,93.666,20370,37500
Rice,CHURACHANDPUR,Kharif,MANIPUR,2004,24.333,93.666,21040,40380
Rice,CHURACHANDPUR,Kharif,MANIPUR,2003,24.333,93.666,20080,38370
Rice,CHURACHANDPUR,Kharif,MANIPUR,2002,24.333,93.666,22880,47540
Rice,CHURACHANDPUR,Kharif,MANIPUR,2001,24.333,93.666,13780,26120
Rice,CHURACHANDPUR,Kharif,MANIPUR,2000,24.333,93.666,12600,23490
Rice,CHURACHANDPUR,Kharif,MANIPUR,1999,24.333,93.666,13730,25010
Rice,CHURACHANDPUR,Winter,MANIPUR,1998,24.333,93.666,9890,20480
Rice,CHURACHANDPUR,Autumn,MANIPUR,1998,24.333,93.666,3790,7570
Rice,UDALGURI,Winter,ASSAM,2010,26.766,92.133,61418,89415
Rice,UDALGURI,Summer,ASSAM,2010,26.766,92.133,5101,8256
Rice,UDALGURI,Autumn,ASSAM,2010,26.766,92.133,28295,24523
Rice,UDALGURI,Winter,ASSAM,2009,26.766,92.133,56358,67397
Rice,UDALGURI,Summer,ASSAM,2009,26.766,92.133,4056,6305
Rice,UDALGURI,Autumn,ASSAM,2009,26.766,92.133,28494,23668
Rice,UDALGURI,Winter,ASSAM,2008,26.766,92.133,59976,75759
Rice,UDALGURI,Summer,ASSAM,2008,26.766,92.133,3419,6271
Rice,UDALGURI,Autumn,ASSAM,2008,26.766,92.133,24870,28900
Rice,UDALGURI,Winter,ASSAM,2007,26.766,92.133,35631,45026
Rice,UDALGURI,Summer,ASSAM,2007,26.766,92.133,11102,21772
Rice,UDALGURI,Autumn,ASSAM,2007,26.766,92.133,26231,24388
Rice,UDALGURI,Winter,ASSAM,2006,26.766,92.133,38404,26480
Rice,UDALGURI,Summer,ASSAM,2006,26.766,92.133,12089,20588
Rice,UDALGURI,Autumn,ASSAM,2006,26.766,92.133,29059,17128
Rice,UDALGURI,Winter,ASSAM,2005,26.766,92.133,43995,55989
Rice,UDALGURI,Summer,ASSAM,2005,26.766,92.133,11996,17922
Rice,UDALGURI,Autumn,ASSAM,2005,26.766,92.133,21750,14532
Rice,HAILAKANDI,Winter,ASSAM,2010,24.683,92.566,38011,88109
Rice,HAILAKANDI,Summer,ASSAM,2010,24.683,92.566,4050,7574
Rice,HAILAKANDI,Autumn,ASSAM,2010,24.683,92.566,6012,12776
Rice,HAILAKANDI,Winter,ASSAM,2009,24.683,92.566,38474,98301
Rice,HAILAKANDI,Summer,ASSAM,2009,24.683,92.566,2916,6357
Rice,HAILAKANDI,Autumn,ASSAM,2009,24.683,92.566,5619,12351
Rice,HAILAKANDI,Winter,ASSAM,2008,24.683,92.566,40150,96576
Rice,HAILAKANDI,Summer,ASSAM,2008,24.683,92.566,3900,7952
Rice,HAILAKANDI,Autumn,ASSAM,2008,24.683,92.566,5806,11100
Rice,HAILAKANDI,Winter,ASSAM,2007,24.683,92.566,37650,75097
Rice,HAILAKANDI,Summer,ASSAM,2007,24.683,92.566,3500,6458
Rice,HAILAKANDI,Autumn,ASSAM,2007,24.683,92.566,6010,10823
Rice,HAILAKANDI,Winter,ASSAM,2006,24.683,92.566,39000,76523
Rice,HAILAKANDI,Summer,ASSAM,2006,24.683,92.566,1350,2723
Rice,HAILAKANDI,Autumn,ASSAM,2006,24.683,92.566,2200,4168
Rice,HAILAKANDI,Winter,ASSAM,2005,24.683,92.566,39000,75562
Rice,HAILAKANDI,Summer,ASSAM,2005,24.683,92.566,1800,3204
Rice,HAILAKANDI,Autumn,ASSAM,2005,24.683,92.566,6000,12457
Rice,HAILAKANDI,Winter,ASSAM,2004,24.683,92.566,38500,83658
Rice,HAILAKANDI,Summer,ASSAM,2004,24.683,92.566,2010,3938
Rice,HAILAKANDI,Autumn,ASSAM,2004,24.683,92.566,6000,9635
Rice,HAILAKANDI,Winter,ASSAM,2003,24.683,92.566,39000,91082
Rice,HAILAKANDI,Summer,ASSAM,2003,24.683,92.566,2100,0
Rice,HAILAKANDI,Autumn,ASSAM,2003,24.683,92.566,6000,10745
Rice,HAILAKANDI,Winter,ASSAM,2002,24.683,92.566,6500,12875
Rice,HAILAKANDI,Summer,ASSAM,2002,24.683,92.566,2000,3570
Rice,HAILAKANDI,Autumn,ASSAM,2002,24.683,92.566,38500,82103
Rice,HAILAKANDI,Winter,ASSAM,2001,24.683,92.566,39000,77291
Rice,HAILAKANDI,Summer,ASSAM,2001,24.683,92.566,2000,2624
Rice,HAILAKANDI,Autumn,ASSAM,2001,24.683,92.566,6500,13470
Rice,HAILAKANDI,Winter,ASSAM,2000,24.683,92.566,35000,60607
Rice,HAILAKANDI,Summer,ASSAM,2000,24.683,92.566,3000,4866
Rice,HAILAKANDI,Autumn,ASSAM,2000,24.683,92.566,6500,14212
Rice,HAILAKANDI,Winter,ASSAM,1999,24.683,92.566,37500,54299
Rice,HAILAKANDI,Summer,ASSAM,1999,24.683,92.566,1500,1952
Rice,HAILAKANDI,Autumn,ASSAM,1999,24.683,92.566,6000,11105
Rice,HAILAKANDI,Winter,ASSAM,1998,24.683,92.566,36500,54613
Rice,HAILAKANDI,Summer,ASSAM,1998,24.683,92.566,900,1251
Rice,HAILAKANDI,Autumn,ASSAM,1998,24.683,92.566,5000,9663
Redish,CHURACHANDPUR,Whole year,MANIPUR,2003,24.333,93.666,15,134
Redish,CHURACHANDPUR,Whole year,MANIPUR,2002,24.333,93.666,20,0
Rapeseed &Mustard,DIMAPUR,Rabi,NAGALAND,2010,25.9,93.733,4120,4130
Rapeseed &Mustard,DIMAPUR,Rabi,NAGALAND,2008,25.9,93.733,3950,3980
Rapeseed &Mustard,DIMAPUR,Rabi,NAGALAND,2007,25.9,93.733,6500,4780
Rapeseed &Mustard,DIMAPUR,Rabi,NAGALAND,2006,25.9,93.733,14400,11430
Rapeseed &Mustard,DIMAPUR,Rabi,NAGALAND,2005,25.9,93.733,14200,13710
Rapeseed &Mustard,DIMAPUR,Rabi,NAGALAND,2004,25.9,93.733,14110,11360
Rapeseed &Mustard,DIMAPUR,Rabi,NAGALAND,2003,25.9,93.733,4360,3760
Rapeseed &Mustard,DIMAPUR,Rabi,NAGALAND,2002,25.9,93.733,3450,3800
Rapeseed &Mustard,DIMAPUR,Rabi,NAGALAND,2001,25.9,93.733,3270,3290
Rapeseed &Mustard,DIMAPUR,Rabi,NAGALAND,2000,25.9,93.733,3260,2110
Rapeseed &Mustard,CHURACHANDPUR,Rabi,MANIPUR,2000,24.333,93.666,640,280
Rapeseed &Mustard,UDALGURI,Rabi,ASSAM,2010,26.766,92.133,3860,1596
Rapeseed &Mustard,UDALGURI,Rabi,ASSAM,2009,26.766,92.133,5144,1608
Rapeseed &Mustard,UDALGURI,Rabi,ASSAM,2008,26.766,92.133,5529,1839
Rapeseed &Mustard,UDALGURI,Rabi,ASSAM,2007,26.766,92.133,10112,3886
Rapeseed &Mustard,UDALGURI,Rabi,ASSAM,2006,26.766,92.133,14602,4585
Rapeseed &Mustard,UDALGURI,Rabi,ASSAM,2005,26.766,92.133,12373,4083
Rapeseed &Mustard,HAILAKANDI,Rabi,ASSAM,2010,24.683,92.566,780,308
Rapeseed &Mustard,HAILAKANDI,Rabi,ASSAM,2009,24.683,92.566,835,331
Rapeseed &Mustard,HAILAKANDI,Rabi,ASSAM,2008,24.683,92.566,730,278
Rapeseed &Mustard,HAILAKANDI,Rabi,ASSAM,2007,24.683,92.566,855,317
Rapeseed &Mustard,HAILAKANDI,Rabi,ASSAM,2006,24.683,92.566,815,337
Rapeseed &Mustard,HAILAKANDI,Rabi,ASSAM,2005,24.683,92.566,800,282
Rapeseed &Mustard,HAILAKANDI,Rabi,ASSAM,2004,24.683,92.566,880,368
Rapeseed &Mustard,HAILAKANDI,Rabi,ASSAM,2003,24.683,92.566,1000,458
Rapeseed &Mustard,HAILAKANDI,Rabi,ASSAM,2002,24.683,92.566,900,417
Rapeseed &Mustard,HAILAKANDI,Rabi,ASSAM,2001,24.683,92.566,800,345
Rapeseed &Mustard,HAILAKANDI,Rabi,ASSAM,2000,24.683,92.566,800,420
Rapeseed &Mustard,HAILAKANDI,Rabi,ASSAM,1999,24.683,92.566,830,520
Rapeseed &Mustard,HAILAKANDI,Rabi,ASSAM,1998,24.683,92.566,830,503
Ragi,DIMAPUR,Kharif,NAGALAND,2010,25.9,93.733,30,30
Potato,DIMAPUR,Rabi,NAGALAND,2010,25.9,93.733,280,3480
Potato,DIMAPUR,Kharif,NAGALAND,2010,25.9,93.733,310,3940
Potato,DIMAPUR,Rabi,NAGALAND,2008,25.9,93.733,330,3900
Potato,DIMAPUR,Kharif,NAGALAND,2008,25.9,93.733,330,3990
Potato,DIMAPUR,Kharif,NAGALAND,2007,25.9,93.733,260,5050
Potato,DIMAPUR,Kharif,NAGALAND,2006,25.9,93.733,640,5850
Potato,DIMAPUR,Whole year,NAGALAND,2004,25.9,93.733,1750,10730
Potato,DIMAPUR,Whole year,NAGALAND,2003,25.9,93.733,1250,11780
Potato,DIMAPUR,Whole year,NAGALAND,2002,25.9,93.733,1280,13230
Potato,DIMAPUR,Whole year,NAGALAND,2001,25.9,93.733,810,8410
Potato,DIMAPUR,Whole year,NAGALAND,2000,25.9,93.733,780,9120
Potato,CHURACHANDPUR,Whole year,MANIPUR,2007,24.333,93.666,70,370
Potato,CHURACHANDPUR,Whole year,MANIPUR,2000,24.333,93.666,60,310
Potato,CHURACHANDPUR,Whole year,MANIPUR,1999,24.333,93.666,60,310
Potato,CHURACHANDPUR,Winter,MANIPUR,1998,24.333,93.666,40,210
Potato,UDALGURI,Rabi,ASSAM,2010,26.766,92.133,5655,35505
Potato,UDALGURI,Rabi,ASSAM,2009,26.766,92.133,6180,50466
Potato,UDALGURI,Rabi,ASSAM,2008,26.766,92.133,6181,30700
Potato,UDALGURI,Whole year,ASSAM,2007,26.766,92.133,6710,47582
Potato,UDALGURI,Whole year,ASSAM,2006,26.766,92.133,9849,50673
Potato,UDALGURI,Whole year,ASSAM,2005,26.766,92.133,8646,21425
Potato,HAILAKANDI,Rabi,ASSAM,2010,24.683,92.566,830,3483
Potato,HAILAKANDI,Rabi,ASSAM,2009,24.683,92.566,962,3949
Potato,HAILAKANDI,Rabi,ASSAM,2008,24.683,92.566,860,3410
Potato,HAILAKANDI,Whole year,ASSAM,2007,24.683,92.566,950,3256
Potato,HAILAKANDI,Whole year,ASSAM,2006,24.683,92.566,1076,3799
Potato,HAILAKANDI,Whole year,ASSAM,2005,24.683,92.566,950,3726
Potato,HAILAKANDI,Whole year,ASSAM,2004,24.683,92.566,1070,4175
Potato,HAILAKANDI,Whole year,ASSAM,2003,24.683,92.566,1050,4341
Potato,HAILAKANDI,Whole year,ASSAM,2002,24.683,92.566,1000,5620
Potato,HAILAKANDI,Whole year,ASSAM,2001,24.683,92.566,1000,4569
Potato,HAILAKANDI,Whole year,ASSAM,2000,24.683,92.566,1050,3907
Potato,HAILAKANDI,Whole year,ASSAM,1999,24.683,92.566,1000,5178
Potato,HAILAKANDI,Whole year,ASSAM,1998,24.683,92.566,1000,4143
Pome Fruit,CHURACHANDPUR,Whole year,MANIPUR,2003,24.333,93.666,70,220
Pome Fruit,CHURACHANDPUR,Whole year,MANIPUR,2002,24.333,93.666,70,180
Pineapple,CHURACHANDPUR,Whole year,MANIPUR,2003,24.333,93.666,1850,13875
Pineapple,CHURACHANDPUR,Whole year,MANIPUR,2002,24.333,93.666,1810,13000
Pineapple,HAILAKANDI,Whole year,ASSAM,2003,24.683,92.566,265,3552
Pineapple,HAILAKANDI,Whole year,ASSAM,2002,24.683,92.566,265,3845
Peas & beans (Pulses),DIMAPUR,Rabi,NAGALAND,2008,25.9,93.733,620,1040
Peas & beans (Pulses),DIMAPUR,Rabi,NAGALAND,2007,25.9,93.733,580,1200
Peas & beans (Pulses),DIMAPUR,Rabi,NAGALAND,2006,25.9,93.733,1070,1310
Peas & beans (Pulses),DIMAPUR,Kharif,NAGALAND,2006,25.9,93.733,290,330
Peas & beans (Pulses),DIMAPUR,Rabi,NAGALAND,2005,25.9,93.733,1010,1500
Peas & beans (Pulses),DIMAPUR,Kharif,NAGALAND,2005,25.9,93.733,200,180
Peas & beans (Pulses),DIMAPUR,Rabi,NAGALAND,2004,25.9,93.733,1000,940
Peas & beans (Pulses),DIMAPUR,Kharif,NAGALAND,2004,25.9,93.733,200,140
Peas & beans (Pulses),DIMAPUR,Rabi,NAGALAND,2003,25.9,93.733,1070,1030
Peas & beans (Pulses),DIMAPUR,Kharif,NAGALAND,2003,25.9,93.733,190,240
Peas & beans (Pulses),DIMAPUR,Rabi,NAGALAND,2002,25.9,93.733,1200,200
Peas & beans (Pulses),DIMAPUR,Kharif,NAGALAND,2002,25.9,93.733,160,200
Peas & beans (Pulses),DIMAPUR,Rabi,NAGALAND,2001,25.9,93.733,1340,1370
Peas & beans (Pulses),DIMAPUR,Kharif,NAGALAND,2001,25.9,93.733,230,250
Peas & beans (Pulses),DIMAPUR,Rabi,NAGALAND,2000,25.9,93.733,880,900
Peas & beans (Pulses),CHURACHANDPUR,Kharif,MANIPUR,2007,24.333,93.666,1720,880
Peas & beans (Pulses),CHURACHANDPUR,Kharif,MANIPUR,2006,24.333,93.666,1460,740
Peas & beans (Pulses),CHURACHANDPUR,Kharif,MANIPUR,2005,24.333,93.666,70,40
Peas & beans (Pulses),CHURACHANDPUR,Kharif,MANIPUR,2004,24.333,93.666,1130,580
Peas & beans (Pulses),CHURACHANDPUR,Kharif,MANIPUR,2003,24.333,93.666,180,90
Peas & beans (Pulses),CHURACHANDPUR,Kharif,MANIPUR,2002,24.333,93.666,430,220
Peas & beans (Pulses),CHURACHANDPUR,Kharif,MANIPUR,2001,24.333,93.666,710,360
Peas & beans (Pulses),CHURACHANDPUR,Kharif,MANIPUR,2000,24.333,93.666,440,220
Peas & beans (Pulses),CHURACHANDPUR,Kharif,MANIPUR,1999,24.333,93.666,270,140
Peas & beans (Pulses),CHURACHANDPUR,Rabi,MANIPUR,1998,24.333,93.666,10,10
Peas & beans (Pulses),UDALGURI,Rabi,ASSAM,2010,26.766,92.133,628,332
Peas & beans (Pulses),UDALGURI,Rabi,ASSAM,2009,26.766,92.133,308,160
Peas & beans (Pulses),UDALGURI,Rabi,ASSAM,2008,26.766,92.133,972,535
Peas & beans (Pulses),UDALGURI,Rabi,ASSAM,2007,26.766,92.133,766,387
Peas & beans (Pulses),UDALGURI,Rabi,ASSAM,2006,26.766,92.133,941,475
Peas & beans (Pulses),UDALGURI,Rabi,ASSAM,2005,26.766,92.133,826,417
Peas & beans (Pulses),HAILAKANDI,Rabi,ASSAM,2010,24.683,92.566,125,71
Peas & beans (Pulses),HAILAKANDI,Rabi,ASSAM,2009,24.683,92.566,342,195
Peas & beans (Pulses),HAILAKANDI,Rabi,ASSAM,2008,24.683,92.566,350,199
Peas & beans (Pulses),HAILAKANDI,Rabi,ASSAM,2007,24.683,92.566,350,200
Peas & beans (Pulses),HAILAKANDI,Rabi,ASSAM,2006,24.683,92.566,325,185
Peas & beans (Pulses),HAILAKANDI,Rabi,ASSAM,2005,24.683,92.566,320,182
Peas & beans (Pulses),HAILAKANDI,Rabi,ASSAM,2004,24.683,92.566,370,211
Peas & beans (Pulses),HAILAKANDI,Rabi,ASSAM,2003,24.683,92.566,380,217
Peas & beans (Pulses),HAILAKANDI,Rabi,ASSAM,2002,24.683,92.566,400,228
Peas & beans (Pulses),HAILAKANDI,Rabi,ASSAM,2001,24.683,92.566,350,200
Papaya,CHURACHANDPUR,Whole year,MANIPUR,2003,24.333,93.666,251,1456
Papaya,CHURACHANDPUR,Whole year,MANIPUR,2002,24.333,93.666,250,826
Papaya,HAILAKANDI,Whole year,ASSAM,2003,24.683,92.566,70,1344
Papaya,HAILAKANDI,Whole year,ASSAM,2002,24.683,92.566,70,1344
Other Vegetables,CHURACHANDPUR,Whole year,MANIPUR,2003,24.333,93.666,29,210
Other Vegetables,CHURACHANDPUR,Whole year,MANIPUR,2002,24.333,93.666,30,0
Other  Rabi pulses,DIMAPUR,Rabi,NAGALAND,2007,25.9,93.733,920,1050
Other  Rabi pulses,DIMAPUR,Rabi,NAGALAND,2006,25.9,93.733,1270,1460
Other  Rabi pulses,DIMAPUR,Rabi,NAGALAND,2005,25.9,93.733,1120,1530
Other  Rabi pulses,DIMAPUR,Rabi,NAGALAND,2004,25.9,93.733,760,910
Other  Rabi pulses,DIMAPUR,Rabi,NAGALAND,2003,25.9,93.733,620,690
Other  Rabi pulses,DIMAPUR,Rabi,NAGALAND,2002,25.9,93.733,2820,1610
Other  Rabi pulses,DIMAPUR,Rabi,NAGALAND,2000,25.9,93.733,1070,1000
Other  Rabi pulses,UDALGURI,Rabi,ASSAM,2007,26.766,92.133,1039,525
Other  Rabi pulses,UDALGURI,Rabi,ASSAM,2006,26.766,92.133,630,318
Other  Rabi pulses,UDALGURI,Rabi,ASSAM,2005,26.766,92.133,4465,2621
Other  Rabi pulses,HAILAKANDI,Rabi,ASSAM,2007,24.683,92.566,2100,1197
Other  Rabi pulses,HAILAKANDI,Rabi,ASSAM,2006,24.683,92.566,2205,1257
Other  Rabi pulses,HAILAKANDI,Rabi,ASSAM,2005,24.683,92.566,2103,1182
Other  Rabi pulses,HAILAKANDI,Rabi,ASSAM,2002,24.683,92.566,1200,684
Other  Rabi pulses,HAILAKANDI,Rabi,ASSAM,2001,24.683,92.566,900,513
Other  Rabi pulses,HAILAKANDI,Rabi,ASSAM,2000,24.683,92.566,1515,862
Other  Rabi pulses,HAILAKANDI,Rabi,ASSAM,1999,24.683,92.566,1405,795
Other  Rabi pulses,HAILAKANDI,Rabi,ASSAM,1998,24.683,92.566,1360,748
other misc. pulses,HAILAKANDI,Rabi,ASSAM,2003,24.683,92.566,1205,687
Other Kharif pulses,DIMAPUR,Kharif,NAGALAND,2008,25.9,93.733,200,180
Other Kharif pulses,DIMAPUR,Kharif,NAGALAND,2007,25.9,93.733,710,750
Other Kharif pulses,DIMAPUR,Kharif,NAGALAND,2005,25.9,93.733,580,820
Other Kharif pulses,DIMAPUR,Kharif,NAGALAND,2004,25.9,93.733,550,520
Other Kharif pulses,DIMAPUR,Kharif,NAGALAND,2003,25.9,93.733,460,560
Other Kharif pulses,DIMAPUR,Kharif,NAGALAND,2002,25.9,93.733,540,400
Other Kharif pulses,DIMAPUR,Kharif,NAGALAND,2000,25.9,93.733,660,760
Other Kharif pulses,CHURACHANDPUR,Kharif,MANIPUR,2007,24.333,93.666,10,10
Other Kharif pulses,CHURACHANDPUR,Kharif,MANIPUR,2005,24.333,93.666,110,60
Other Kharif pulses,CHURACHANDPUR,Kharif,MANIPUR,2002,24.333,93.666,100,50
Other Kharif pulses,CHURACHANDPUR,Kharif,MANIPUR,2001,24.333,93.666,20,10
Other Kharif pulses,CHURACHANDPUR,Kharif,MANIPUR,2000,24.333,93.666,60,30
Other Fresh Fruits,CHURACHANDPUR,Whole year,MANIPUR,2003,24.333,93.666,1342,5594
Other Fresh Fruits,CHURACHANDPUR,Whole year,MANIPUR,2002,24.333,93.666,1425,3579
Orange,CHURACHANDPUR,Whole year,MANIPUR,2003,24.333,93.666,386,1583
Orange,HAILAKANDI,Whole year,ASSAM,2003,24.683,92.566,50,493
Orange,HAILAKANDI,Whole year,ASSAM,2002,24.683,92.566,50,493
Onion,CHURACHANDPUR,Whole year,MANIPUR,1999,24.333,93.666,10,20
Onion,CHURACHANDPUR,Autumn,MANIPUR,1998,24.333,93.666,10,20
Onion,UDALGURI,Rabi,ASSAM,2010,26.766,92.133,241,603
Onion,UDALGURI,Rabi,ASSAM,2009,26.766,92.133,240,600
Onion,UDALGURI,Whole year,ASSAM,2008,26.766,92.133,253,633
Onion,UDALGURI,Whole year,ASSAM,2007,26.766,92.133,305,762
Onion,UDALGURI,Whole year,ASSAM,2006,26.766,92.133,460,1150
Onion,UDALGURI,Whole year,ASSAM,2005,26.766,92.133,361,903
Onion,HAILAKANDI,Rabi,ASSAM,2010,24.683,92.566,15,26
Onion,HAILAKANDI,Rabi,ASSAM,2009,24.683,92.566,57,98
Onion,HAILAKANDI,Whole year,ASSAM,2008,24.683,92.566,50,85
Onion,HAILAKANDI,Whole year,ASSAM,2007,24.683,92.566,55,94
Onion,HAILAKANDI,Whole year,ASSAM,2006,24.683,92.566,65,112
Onion,HAILAKANDI,Whole year,ASSAM,2005,24.683,92.566,50,86
Onion,HAILAKANDI,Whole year,ASSAM,2004,24.683,92.566,48,82
Onion,HAILAKANDI,Whole year,ASSAM,2003,24.683,92.566,50,86
Onion,HAILAKANDI,Whole year,ASSAM,2002,24.683,92.566,50,85
Onion,HAILAKANDI,Whole year,ASSAM,2001,24.683,92.566,50,85
Onion,HAILAKANDI,Whole year,ASSAM,2000,24.683,92.566,60,106
Onion,HAILAKANDI,Whole year,ASSAM,1999,24.683,92.566,50,75
Onion,HAILAKANDI,Whole year,ASSAM,1998,24.683,92.566,50,95
Niger seed,DIMAPUR,Kharif,NAGALAND,2006,25.9,93.733,320,260
Niger seed,DIMAPUR,Kharif,NAGALAND,2005,25.9,93.733,310,300
Niger seed,DIMAPUR,Kharif,NAGALAND,2004,25.9,93.733,300,340
Niger seed,DIMAPUR,Kharif,NAGALAND,2001,25.9,93.733,50000,25000
Niger seed,DIMAPUR,Kharif,NAGALAND,2000,25.9,93.733,200,120
Niger seed,UDALGURI,Rabi,ASSAM,2010,26.766,92.133,372,192
Niger seed,UDALGURI,Rabi,ASSAM,2009,26.766,92.133,250,129
Niger seed,UDALGURI,Kharif,ASSAM,2007,26.766,92.133,837,432
Niger seed,UDALGURI,Kharif,ASSAM,2006,26.766,92.133,915,474
Niger seed,UDALGURI,Kharif,ASSAM,2005,26.766,92.133,773,397
Niger seed,HAILAKANDI,Rabi,ASSAM,2010,24.683,92.566,25,13
Niger seed,HAILAKANDI,Rabi,ASSAM,2009,24.683,92.566,14,7
Niger seed,HAILAKANDI,Kharif,ASSAM,2007,24.683,92.566,7,4
Niger seed,HAILAKANDI,Kharif,ASSAM,2006,24.683,92.566,30,15
Moong,DIMAPUR,Kharif,NAGALAND,2010,25.9,93.733,90,80
Moong,DIMAPUR,Kharif,NAGALAND,2008,25.9,93.733,130,100
Moong,DIMAPUR,Kharif,NAGALAND,2007,25.9,93.733,160,200
Moong,DIMAPUR,Kharif,NAGALAND,2006,25.9,93.733,330,480
Moong,DIMAPUR,Kharif,NAGALAND,2005,25.9,93.733,240,250
Moong,DIMAPUR,Kharif,NAGALAND,2004,25.9,93.733,390,260
Moong,DIMAPUR,Kharif,NAGALAND,2003,25.9,93.733,220,330
Moong,DIMAPUR,Kharif,NAGALAND,2002,25.9,93.733,690,370
Moong,DIMAPUR,Kharif,NAGALAND,2001,25.9,93.733,920,340
Moong,DIMAPUR,Kharif,NAGALAND,2000,25.9,93.733,280,230
Moong,UDALGURI,Rabi,ASSAM,2010,26.766,92.133,236,122
Moong,UDALGURI,Rabi,ASSAM,2009,26.766,92.133,314,163
Moong,UDALGURI,Rabi,ASSAM,2007,26.766,92.133,503,262
Moong,UDALGURI,Rabi,ASSAM,2006,26.766,92.133,612,318
Moong,UDALGURI,Rabi,ASSAM,2005,26.766,92.133,650,337
Moong,HAILAKANDI,Rabi,ASSAM,2010,24.683,92.566,55,26
Moong,HAILAKANDI,Rabi,ASSAM,2009,24.683,92.566,55,25
Moong,HAILAKANDI,Rabi,ASSAM,2007,24.683,92.566,3,1
Moong,HAILAKANDI,Rabi,ASSAM,2006,24.683,92.566,3,1
Moong,HAILAKANDI,Rabi,ASSAM,2005,24.683,92.566,3,1
Moong,HAILAKANDI,Rabi,ASSAM,2004,24.683,92.566,5,2
Moong,HAILAKANDI,Rabi,ASSAM,2003,24.683,92.566,5,2
Moong,HAILAKANDI,Rabi,ASSAM,2002,24.683,92.566,10,5
Moong,HAILAKANDI,Rabi,ASSAM,2001,24.683,92.566,10,5
Mesta,DIMAPUR,Kharif,NAGALAND,2010,25.9,93.733,250,470
Mesta,UDALGURI,Kharif,ASSAM,2010,26.766,92.133,628,2617
Mesta,UDALGURI,Kharif,ASSAM,2009,26.766,92.133,523,2179
Mesta,UDALGURI,Kharif,ASSAM,2008,26.766,92.133,620,2583
Mesta,UDALGURI,Kharif,ASSAM,2007,26.766,92.133,571,2379
Mesta,UDALGURI,Kharif,ASSAM,2006,26.766,92.133,565,2354
Mesta,UDALGURI,Kharif,ASSAM,2005,26.766,92.133,480,2000
Masoor,DIMAPUR,Rabi,NAGALAND,2010,25.9,93.733,440,330
Masoor,DIMAPUR,Rabi,NAGALAND,2008,25.9,93.733,350,220
Masoor,DIMAPUR,Rabi,NAGALAND,2006,25.9,93.733,640,730
Masoor,DIMAPUR,Rabi,NAGALAND,2005,25.9,93.733,650,910
Masoor,DIMAPUR,Rabi,NAGALAND,2004,25.9,93.733,560,210
Masoor,DIMAPUR,Rabi,NAGALAND,2003,25.9,93.733,270,130
Masoor,UDALGURI,Rabi,ASSAM,2010,26.766,92.133,658,417
Masoor,UDALGURI,Rabi,ASSAM,2009,26.766,92.133,750,476
Masoor,UDALGURI,Rabi,ASSAM,2008,26.766,92.133,820,500
Masoor,UDALGURI,Rabi,ASSAM,2007,26.766,92.133,825,540
Masoor,UDALGURI,Rabi,ASSAM,2006,26.766,92.133,700,449
Masoor,UDALGURI,Rabi,ASSAM,2005,26.766,92.133,409,268
Masoor,HAILAKANDI,Rabi,ASSAM,2009,24.683,92.566,25,11
Mango,CHURACHANDPUR,Whole year,MANIPUR,2003,24.333,93.666,60,305
Mango,CHURACHANDPUR,Whole year,MANIPUR,2002,24.333,93.666,70,261
Maize,DIMAPUR,Rabi,NAGALAND,2010,25.9,93.733,1330,2610
Maize,DIMAPUR,Kharif,NAGALAND,2010,25.9,93.733,5350,10510
Maize,DIMAPUR,Rabi,NAGALAND,2008,25.9,93.733,440,760
Maize,DIMAPUR,Kharif,NAGALAND,2008,25.9,93.733,5270,9530
Maize,DIMAPUR,Rabi,NAGALAND,2007,25.9,93.733,1000,1900
Maize,DIMAPUR,Kharif,NAGALAND,2007,25.9,93.733,5560,13130
Maize,DIMAPUR,Rabi,NAGALAND,2006,25.9,93.733,1060,1790
Maize,DIMAPUR,Kharif,NAGALAND,2006,25.9,93.733,9760,16280
Maize,DIMAPUR,Rabi,NAGALAND,2005,25.9,93.733,1180,1880
Maize,DIMAPUR,Kharif,NAGALAND,2005,25.9,93.733,8010,14060
Maize,DIMAPUR,Rabi,NAGALAND,2004,25.9,93.733,680,1100
Maize,DIMAPUR,Kharif,NAGALAND,2004,25.9,93.733,6980,12370
Maize,DIMAPUR,Rabi,NAGALAND,2003,25.9,93.733,120,230
Maize,DIMAPUR,Kharif,NAGALAND,2003,25.9,93.733,5160,7520
Maize,DIMAPUR,Kharif,NAGALAND,2002,25.9,93.733,5330,10570
Maize,DIMAPUR,Kharif,NAGALAND,2001,25.9,93.733,6910,12500
Maize,DIMAPUR,Kharif,NAGALAND,2000,25.9,93.733,4500,6800
Maize,CHURACHANDPUR,Kharif,MANIPUR,2007,24.333,93.666,170,450
Maize,CHURACHANDPUR,Kharif,MANIPUR,2006,24.333,93.666,340,920
Maize,CHURACHANDPUR,Kharif,MANIPUR,2005,24.333,93.666,260,370
Maize,CHURACHANDPUR,Kharif,MANIPUR,2004,24.333,93.666,160,220
Maize,CHURACHANDPUR,Kharif,MANIPUR,2003,24.333,93.666,230,270
Maize,CHURACHANDPUR,Kharif,MANIPUR,2001,24.333,93.666,1180,1790
Maize,CHURACHANDPUR,Kharif,MANIPUR,2000,24.333,93.666,1860,3980
Maize,CHURACHANDPUR,Kharif,MANIPUR,1999,24.333,93.666,840,1030
Maize,CHURACHANDPUR,Autumn,MANIPUR,1998,24.333,93.666,630,1540
Maize,UDALGURI,Kharif,ASSAM,2010,26.766,92.133,527,329
Maize,UDALGURI,Kharif,ASSAM,2009,26.766,92.133,559,349
Maize,UDALGURI,Rabi,ASSAM,2008,26.766,92.133,447,279
Maize,UDALGURI,Kharif,ASSAM,2007,26.766,92.133,333,208
Maize,UDALGURI,Kharif,ASSAM,2006,26.766,92.133,383,239
Maize,UDALGURI,Kharif,ASSAM,2005,26.766,92.133,233,146
Maize,HAILAKANDI,Kharif,ASSAM,2010,24.683,92.566,45,18
Maize,HAILAKANDI,Kharif,ASSAM,2009,24.683,92.566,42,17
Maize,HAILAKANDI,Rabi,ASSAM,2008,24.683,92.566,21,8
Maize,HAILAKANDI,Kharif,ASSAM,2007,24.683,92.566,25,10
Maize,HAILAKANDI,Kharif,ASSAM,2005,24.683,92.566,1,1
Maize,HAILAKANDI,Kharif,ASSAM,2003,24.683,92.566,30,12
Maize,HAILAKANDI,Kharif,ASSAM,2002,24.683,92.566,30,12
Maize,HAILAKANDI,Kharif,ASSAM,2001,24.683,92.566,35,14
Maize,HAILAKANDI,Kharif,ASSAM,2000,24.683,92.566,20,8
Maize,HAILAKANDI,Kharif,ASSAM,1999,24.683,92.566,20,10
Maize,HAILAKANDI,Kharif,ASSAM,1998,24.683,92.566,5,2
Linseed,DIMAPUR,Rabi,NAGALAND,2010,25.9,93.733,1080,870
Linseed,DIMAPUR,Rabi,NAGALAND,2008,25.9,93.733,1000,800
Linseed,DIMAPUR,Rabi,NAGALAND,2007,25.9,93.733,1900,1860
Linseed,DIMAPUR,Rabi,NAGALAND,2006,25.9,93.733,2210,1650
Linseed,DIMAPUR,Rabi,NAGALAND,2005,25.9,93.733,2110,3190
Linseed,DIMAPUR,Rabi,NAGALAND,2004,25.9,93.733,1500,3310
Linseed,DIMAPUR,Rabi,NAGALAND,2003,25.9,93.733,2910,2070
Linseed,DIMAPUR,Rabi,NAGALAND,2002,25.9,93.733,1980,1930
Linseed,DIMAPUR,Rabi,NAGALAND,2001,25.9,93.733,8000,5000
Linseed,DIMAPUR,Rabi,NAGALAND,2000,25.9,93.733,1650,740
Linseed,UDALGURI,Rabi,ASSAM,2010,26.766,92.133,303,131
Linseed,UDALGURI,Rabi,ASSAM,2009,26.766,92.133,234,99
Linseed,UDALGURI,Rabi,ASSAM,2008,26.766,92.133,556,254
Linseed,UDALGURI,Rabi,ASSAM,2007,26.766,92.133,398,162
Linseed,UDALGURI,Rabi,ASSAM,2006,26.766,92.133,712,294
Linseed,UDALGURI,Rabi,ASSAM,2005,26.766,92.133,558,223
Linseed,HAILAKANDI,Rabi,ASSAM,2010,24.683,92.566,15,8
Linseed,HAILAKANDI,Rabi,ASSAM,2009,24.683,92.566,12,6
Linseed,HAILAKANDI,Rabi,ASSAM,2008,24.683,92.566,15,8
Linseed,HAILAKANDI,Rabi,ASSAM,2007,24.683,92.566,10,5
Linseed,HAILAKANDI,Rabi,ASSAM,2006,24.683,92.566,10,5
Linseed,HAILAKANDI,Rabi,ASSAM,2005,24.683,92.566,5,2
Linseed,HAILAKANDI,Rabi,ASSAM,2004,24.683,92.566,5,2
Linseed,HAILAKANDI,Rabi,ASSAM,2003,24.683,92.566,5,2
Linseed,HAILAKANDI,Rabi,ASSAM,2002,24.683,92.566,10,5
Linseed,HAILAKANDI,Rabi,ASSAM,2001,24.683,92.566,10,5
Linseed,HAILAKANDI,Rabi,ASSAM,2000,24.683,92.566,10,5
Linseed,HAILAKANDI,Rabi,ASSAM,1999,24.683,92.566,20,10
Linseed,HAILAKANDI,Rabi,ASSAM,1998,24.683,92.566,20,10
Jute,DIMAPUR,Kharif,NAGALAND,2010,25.9,93.733,770,1390
Jute,DIMAPUR,Kharif,NAGALAND,2008,25.9,93.733,800,1100
Jute,DIMAPUR,Kharif,NAGALAND,2007,25.9,93.733,1000,1380
Jute,DIMAPUR,Kharif,NAGALAND,2006,25.9,93.733,1430,4840
Jute,DIMAPUR,Kharif,NAGALAND,2005,25.9,93.733,1320,4800
Jute,DIMAPUR,Kharif,NAGALAND,2004,25.9,93.733,1260,5660
Jute,DIMAPUR,Kharif,NAGALAND,2003,25.9,93.733,780,4020
Jute,DIMAPUR,Kharif,NAGALAND,2002,25.9,93.733,590,2280
Jute,DIMAPUR,Kharif,NAGALAND,2001,25.9,93.733,140,150
Jute,DIMAPUR,Kharif,NAGALAND,2000,25.9,93.733,150,230
Jute,UDALGURI,Kharif,ASSAM,2010,26.766,92.133,5138,62930
Jute,UDALGURI,Kharif,ASSAM,2009,26.766,92.133,5705,75215
Jute,UDALGURI,Kharif,ASSAM,2008,26.766,92.133,5056,48963
Jute,UDALGURI,Kharif,ASSAM,2007,26.766,92.133,4943,55554
Jute,UDALGURI,Kharif,ASSAM,2006,26.766,92.133,5594,37573
Jute,UDALGURI,Kharif,ASSAM,2005,26.766,92.133,5042,65602
Jute,HAILAKANDI,Kharif,ASSAM,2010,24.683,92.566,40,402
Jute,HAILAKANDI,Kharif,ASSAM,2009,24.683,92.566,35,382
Jute,HAILAKANDI,Kharif,ASSAM,2008,24.683,92.566,35,377
Jute,HAILAKANDI,Kharif,ASSAM,2007,24.683,92.566,30,329
Jute,HAILAKANDI,Kharif,ASSAM,2006,24.683,92.566,35,339
Jute,HAILAKANDI,Kharif,ASSAM,2005,24.683,92.566,25,255
Jute,HAILAKANDI,Kharif,ASSAM,2004,24.683,92.566,25,177
Jute,HAILAKANDI,Kharif,ASSAM,2003,24.683,92.566,30,512
Jute,HAILAKANDI,Kharif,ASSAM,2002,24.683,92.566,30,305
Jute,HAILAKANDI,Kharif,ASSAM,2001,24.683,92.566,30,297
Jute,HAILAKANDI,Kharif,ASSAM,2000,24.683,92.566,30,288
Jute,HAILAKANDI,Kharif,ASSAM,1999,24.683,92.566,30,268
Jute,HAILAKANDI,Kharif,ASSAM,1998,24.683,92.566,20,175
Jowar,DIMAPUR,Kharif,NAGALAND,2006,25.9,93.733,220,200
Jowar,DIMAPUR,Kharif,NAGALAND,2005,25.9,93.733,140,350
Jowar,DIMAPUR,Kharif,NAGALAND,2004,25.9,93.733,420,850
Jowar,DIMAPUR,Kharif,NAGALAND,2003,25.9,93.733,450,810
Jowar,DIMAPUR,Kharif,NAGALAND,2002,25.9,93.733,480,1210
Jowar,DIMAPUR,Kharif,NAGALAND,2001,25.9,93.733,270,230
Jowar,DIMAPUR,Kharif,NAGALAND,2000,25.9,93.733,270,230
Jack Fruit,CHURACHANDPUR,Whole year,MANIPUR,2003,24.333,93.666,35,160
Jack Fruit,CHURACHANDPUR,Whole year,MANIPUR,2002,24.333,93.666,40,160
Horse-gram,DIMAPUR,Kharif,NAGALAND,2010,25.9,93.733,40,40
Groundnut,DIMAPUR,Kharif,NAGALAND,2010,25.9,93.733,120,130
Groundnut,DIMAPUR,Kharif,NAGALAND,2008,25.9,93.733,120,130
Groundnut,DIMAPUR,Kharif,NAGALAND,2007,25.9,93.733,270,290
Groundnut,DIMAPUR,Kharif,NAGALAND,2006,25.9,93.733,150,140
Groundnut,DIMAPUR,Kharif,NAGALAND,2005,25.9,93.733,40,40
Groundnut,DIMAPUR,Kharif,NAGALAND,2004,25.9,93.733,930,1130
Groundnut,DIMAPUR,Kharif,NAGALAND,2003,25.9,93.733,510,810
Groundnut,DIMAPUR,Kharif,NAGALAND,2002,25.9,93.733,730,850
Groundnut,DIMAPUR,Rabi,NAGALAND,2001,25.9,93.733,1000,1200
Groundnut,DIMAPUR,Kharif,NAGALAND,2000,25.9,93.733,650,670
Gram,DIMAPUR,Rabi,NAGALAND,2010,25.9,93.733,90,70
Gram,DIMAPUR,Rabi,NAGALAND,2008,25.9,93.733,70,50
Gram,DIMAPUR,Rabi,NAGALAND,2006,25.9,93.733,60,90
Gram,DIMAPUR,Rabi,NAGALAND,2005,25.9,93.733,60,80
Gram,DIMAPUR,Rabi,NAGALAND,2004,25.9,93.733,400,420
Gram,DIMAPUR,Rabi,NAGALAND,2003,25.9,93.733,290,390
Gram,DIMAPUR,Rabi,NAGALAND,2002,25.9,93.733,200,220
Gram,DIMAPUR,Rabi,NAGALAND,2001,25.9,93.733,200,200
Gram,DIMAPUR,Rabi,NAGALAND,2000,25.9,93.733,200,220
Gram,UDALGURI,Rabi,ASSAM,2010,26.766,92.133,7,4
Gram,UDALGURI,Rabi,ASSAM,2009,26.766,92.133,7,4
Gram,UDALGURI,Rabi,ASSAM,2008,26.766,92.133,6,4
Gram,UDALGURI,Rabi,ASSAM,2007,26.766,92.133,42,25
Gram,UDALGURI,Rabi,ASSAM,2005,26.766,92.133,38,23
Gram,HAILAKANDI,Rabi,ASSAM,2010,24.683,92.566,6,2
Gram,HAILAKANDI,Rabi,ASSAM,2009,24.683,92.566,5,2
Gram,HAILAKANDI,Rabi,ASSAM,2008,24.683,92.566,6,3
Gram,HAILAKANDI,Rabi,ASSAM,2007,24.683,92.566,4,2
Gram,HAILAKANDI,Rabi,ASSAM,2005,24.683,92.566,5,2
Gram,HAILAKANDI,Rabi,ASSAM,2004,24.683,92.566,5,2
Gram,HAILAKANDI,Rabi,ASSAM,2003,24.683,92.566,5,2
Gram,HAILAKANDI,Rabi,ASSAM,2002,24.683,92.566,5,2
Gram,HAILAKANDI,Rabi,ASSAM,2001,24.683,92.566,5,2
Gram,HAILAKANDI,Rabi,ASSAM,2000,24.683,92.566,5,2
Gram,HAILAKANDI,Rabi,ASSAM,1999,24.683,92.566,5,2
Gram,HAILAKANDI,Rabi,ASSAM,1998,24.683,92.566,5,2
Dry ginger,DIMAPUR,Kharif,NAGALAND,2008,25.9,93.733,270,2670
Dry ginger,DIMAPUR,Kharif,NAGALAND,2007,25.9,93.733,300,2000
Dry ginger,DIMAPUR,Kharif,NAGALAND,2006,25.9,93.733,500,4390
Dry ginger,CHURACHANDPUR,Kharif,MANIPUR,2007,24.333,93.666,1400,2310
Dry ginger,CHURACHANDPUR,Summer,MANIPUR,2006,24.333,93.666,510,840
Dry ginger,CHURACHANDPUR,Kharif,MANIPUR,2006,24.333,93.666,3150,5200
Dry ginger,CHURACHANDPUR,Kharif,MANIPUR,2005,24.333,93.666,1860,3070
Dry ginger,CHURACHANDPUR,Kharif,MANIPUR,2004,24.333,93.666,1060,1750
Dry ginger,CHURACHANDPUR,Kharif,MANIPUR,2003,24.333,93.666,370,610
Dry ginger,CHURACHANDPUR,Kharif,MANIPUR,2002,24.333,93.666,620,1020
Dry ginger,CHURACHANDPUR,Kharif,MANIPUR,2001,24.333,93.666,1360,2250
Dry ginger,CHURACHANDPUR,Kharif,MANIPUR,2000,24.333,93.666,610,1020
Dry ginger,CHURACHANDPUR,Kharif,MANIPUR,1999,24.333,93.666,80,130
Dry ginger,CHURACHANDPUR,Winter,MANIPUR,1998,24.333,93.666,40,70
Dry ginger,CHURACHANDPUR,Autumn,MANIPUR,1998,24.333,93.666,50,80
Dry ginger,UDALGURI,Rabi,ASSAM,2010,26.766,92.133,928,5966
Dry ginger,UDALGURI,Rabi,ASSAM,2009,26.766,92.133,949,6101
Dry ginger,UDALGURI,Whole year,ASSAM,2008,26.766,92.133,591,3800
Dry ginger,UDALGURI,Whole year,ASSAM,2007,26.766,92.133,826,5310
Dry ginger,HAILAKANDI,Rabi,ASSAM,2010,24.683,92.566,185,934
Dry ginger,HAILAKANDI,Rabi,ASSAM,2009,24.683,92.566,215,1085
Dry ginger,HAILAKANDI,Whole year,ASSAM,2008,24.683,92.566,130,656
Dry ginger,HAILAKANDI,Whole year,ASSAM,2007,24.683,92.566,299,1509
Dry chillies,DIMAPUR,Kharif,NAGALAND,2008,25.9,93.733,360,450
Dry chillies,DIMAPUR,Kharif,NAGALAND,2007,25.9,93.733,110,150
Dry chillies,CHURACHANDPUR,Whole year,MANIPUR,2007,24.333,93.666,2420,1450
Dry chillies,CHURACHANDPUR,Whole year,MANIPUR,2006,24.333,93.666,3580,2150
Dry chillies,CHURACHANDPUR,Whole year,MANIPUR,2005,24.333,93.666,2280,1370
Dry chillies,CHURACHANDPUR,Whole year,MANIPUR,2004,24.333,93.666,7760,4660
Dry chillies,CHURACHANDPUR,Whole year,MANIPUR,2003,24.333,93.666,5650,3390
Dry chillies,CHURACHANDPUR,Whole year,MANIPUR,2002,24.333,93.666,4830,2900
Dry chillies,CHURACHANDPUR,Whole year,MANIPUR,2001,24.333,93.666,2000,170
Dry chillies,CHURACHANDPUR,Whole year,MANIPUR,2000,24.333,93.666,1450,870
Dry chillies,CHURACHANDPUR,Whole year,MANIPUR,1999,24.333,93.666,1430,860
Dry chillies,CHURACHANDPUR,Winter,MANIPUR,1998,24.333,93.666,1040,630
Dry chillies,CHURACHANDPUR,Autumn,MANIPUR,1998,24.333,93.666,1070,640
Dry chillies,UDALGURI,Rabi,ASSAM,2010,26.766,92.133,538,334
Dry chillies,UDALGURI,Rabi,ASSAM,2009,26.766,92.133,492,305
Dry chillies,UDALGURI,Rabi,ASSAM,2008,26.766,92.133,477,295
Dry chillies,UDALGURI,Whole year,ASSAM,2007,26.766,92.133,809,502
Dry chillies,UDALGURI,Whole year,ASSAM,2006,26.766,92.133,1231,763
Dry chillies,HAILAKANDI,Rabi,ASSAM,2010,24.683,92.566,315,170
Dry chillies,HAILAKANDI,Rabi,ASSAM,2009,24.683,92.566,265,143
Dry chillies,HAILAKANDI,Rabi,ASSAM,2008,24.683,92.566,260,140
Dry chillies,HAILAKANDI,Whole year,ASSAM,2007,24.683,92.566,270,146
Dry chillies,HAILAKANDI,Whole year,ASSAM,2006,24.683,92.566,265,144
Dry chillies,HAILAKANDI,Whole year,ASSAM,2005,24.683,92.566,255,138
Dry chillies,HAILAKANDI,Whole year,ASSAM,2004,24.683,92.566,255,138
Dry chillies,HAILAKANDI,Whole year,ASSAM,2003,24.683,92.566,255,138
Dry chillies,HAILAKANDI,Whole year,ASSAM,2002,24.683,92.566,250,135
Dry chillies,HAILAKANDI,Whole year,ASSAM,2001,24.683,92.566,250,135
Dry chillies,HAILAKANDI,Whole year,ASSAM,2000,24.683,92.566,250,138
Dry chillies,HAILAKANDI,Whole year,ASSAM,1999,24.683,92.566,245,135
Dry chillies,HAILAKANDI,Whole year,ASSAM,1998,24.683,92.566,230,127
Cotton(lint),DIMAPUR,Kharif,NAGALAND,2006,25.9,93.733,180,30
Cotton(lint),DIMAPUR,Kharif,NAGALAND,2004,25.9,93.733,580,60
Cotton(lint),DIMAPUR,Kharif,NAGALAND,2003,25.9,93.733,670,40
Cotton(lint),DIMAPUR,Kharif,NAGALAND,2002,25.9,93.733,190,1100
Cotton(lint),DIMAPUR,Kharif,NAGALAND,2001,25.9,93.733,80,90
Cotton(lint),DIMAPUR,Kharif,NAGALAND,2000,25.9,93.733,91,130
Cotton(lint),CHURACHANDPUR,Kharif,MANIPUR,2007,24.333,93.666,210,70
Cotton(lint),CHURACHANDPUR,Kharif,MANIPUR,2006,24.333,93.666,210,70
Cotton(lint),CHURACHANDPUR,Kharif,MANIPUR,2001,24.333,93.666,90,30
Cotton(lint),CHURACHANDPUR,Kharif,MANIPUR,2000,24.333,93.666,60,20
Cotton(lint),CHURACHANDPUR,Kharif,MANIPUR,1999,24.333,93.666,50,30
Cotton(lint),CHURACHANDPUR,Winter,MANIPUR,1998,24.333,93.666,30,10
Cotton(lint),CHURACHANDPUR,Autumn,MANIPUR,1998,24.333,93.666,30,20
Cotton(lint),UDALGURI,Kharif,ASSAM,2010,26.766,92.133,1,1
Cotton(lint),UDALGURI,Kharif,ASSAM,2008,26.766,92.133,1,1
Cotton(lint),UDALGURI,Kharif,ASSAM,2006,26.766,92.133,1,1
Cotton(lint),UDALGURI,Kharif,ASSAM,2005,26.766,92.133,4,2
Cotton(lint),HAILAKANDI,Kharif,ASSAM,2010,24.683,92.566,55,20
Cotton(lint),HAILAKANDI,Kharif,ASSAM,2009,24.683,92.566,55,21
Cotton(lint),HAILAKANDI,Kharif,ASSAM,2008,24.683,92.566,55,21
Cotton(lint),HAILAKANDI,Kharif,ASSAM,2007,24.683,92.566,55,21
Cotton(lint),HAILAKANDI,Kharif,ASSAM,2006,24.683,92.566,60,23
Cotton(lint),HAILAKANDI,Kharif,ASSAM,2005,24.683,92.566,60,23
Cotton(lint),HAILAKANDI,Kharif,ASSAM,2004,24.683,92.566,55,21
Cotton(lint),HAILAKANDI,Kharif,ASSAM,2003,24.683,92.566,60,23
Cotton(lint),HAILAKANDI,Kharif,ASSAM,2002,24.683,92.566,70,27
Cotton(lint),HAILAKANDI,Kharif,ASSAM,2001,24.683,92.566,60,23
Cotton(lint),HAILAKANDI,Kharif,ASSAM,2000,24.683,92.566,90,34
Cotton(lint),HAILAKANDI,Kharif,ASSAM,1999,24.683,92.566,90,34
Cotton(lint),HAILAKANDI,Kharif,ASSAM,1998,24.683,92.566,90,34
Coconut ('000 Nuts),UDALGURI,Whole year,ASSAM,2010,26.766,92.133,678,2926
Coconut ('000 Nuts),UDALGURI,Whole year,ASSAM,2009,26.766,92.133,630,5043
Coconut ('000 Nuts),UDALGURI,Whole year,ASSAM,2007,26.766,92.133,709,5103
Coconut ('000 Nuts),UDALGURI,Whole year,ASSAM,2006,26.766,92.133,514,3059
Coconut ('000 Nuts),HAILAKANDI,Whole year,ASSAM,2010,24.683,92.566,280,1536
Coconut ('000 Nuts),HAILAKANDI,Whole year,ASSAM,2009,24.683,92.566,282,899
Coconut ('000 Nuts),HAILAKANDI,Whole year,ASSAM,2007,24.683,92.566,280,1288
Coconut ('000 Nuts),HAILAKANDI,Whole year,ASSAM,2006,24.683,92.566,265,641
Coconut ('000 Nuts),HAILAKANDI,Whole year,ASSAM,2005,24.683,92.566,220,768
Coconut ('000 Nuts),HAILAKANDI,Whole year,ASSAM,2003,24.683,92.566,200,487
Coconut ('000 Nuts),HAILAKANDI,Whole year,ASSAM,2002,24.683,92.566,190,419
Coconut ('000 Nuts),HAILAKANDI,Whole year,ASSAM,2001,24.683,92.566,178,740
Coconut ('000 Nuts),HAILAKANDI,Whole year,ASSAM,2000,24.683,92.566,175,114
Coconut ('000 Nuts),HAILAKANDI,Whole year,ASSAM,1999,24.683,92.566,150,290
Coconut ('000 Nuts),HAILAKANDI,Whole year,ASSAM,1998,24.683,92.566,105,614
Citrus Fruit,CHURACHANDPUR,Whole year,MANIPUR,2003,24.333,93.666,186,893
Citrus Fruit,CHURACHANDPUR,Whole year,MANIPUR,2002,24.333,93.666,176,0
Cauliflower,CHURACHANDPUR,Whole year,MANIPUR,2003,24.333,93.666,12,103
Cauliflower,CHURACHANDPUR,Whole year,MANIPUR,2002,24.333,93.666,10,96
Castor seed,DIMAPUR,Kharif,NAGALAND,2010,25.9,93.733,50,40
Castor seed,DIMAPUR,Kharif,NAGALAND,2000,25.9,93.733,150,120
Castor seed,UDALGURI,Rabi,ASSAM,2010,26.766,92.133,7,3
Castor seed,UDALGURI,Rabi,ASSAM,2009,26.766,92.133,18,7
Castor seed,UDALGURI,Rabi,ASSAM,2008,26.766,92.133,28,11
Castor seed,UDALGURI,Kharif,ASSAM,2007,26.766,92.133,2,1
Castor seed,UDALGURI,Kharif,ASSAM,2006,26.766,92.133,1,1
Castor seed,UDALGURI,Kharif,ASSAM,2005,26.766,92.133,5,2
Castor seed,HAILAKANDI,Rabi,ASSAM,2010,24.683,92.566,4,1
Castor seed,HAILAKANDI,Rabi,ASSAM,2009,24.683,92.566,5,2
Castor seed,HAILAKANDI,Rabi,ASSAM,2008,24.683,92.566,5,2
Castor seed,HAILAKANDI,Kharif,ASSAM,2007,24.683,92.566,5,2
Castor seed,HAILAKANDI,Kharif,ASSAM,2006,24.683,92.566,5,2
Castor seed,HAILAKANDI,Kharif,ASSAM,2005,24.683,92.566,5,2
Castor seed,HAILAKANDI,Kharif,ASSAM,2004,24.683,92.566,5,2
Castor seed,HAILAKANDI,Kharif,ASSAM,2003,24.683,92.566,6,2
Castor seed,HAILAKANDI,Kharif,ASSAM,2002,24.683,92.566,5,2
Castor seed,HAILAKANDI,Kharif,ASSAM,2001,24.683,92.566,5,2
Castor seed,HAILAKANDI,Kharif,ASSAM,2000,24.683,92.566,5,2
Castor seed,HAILAKANDI,Kharif,ASSAM,1999,24.683,92.566,5,2
Castor seed,HAILAKANDI,Kharif,ASSAM,1998,24.683,92.566,6,2
Carrot,CHURACHANDPUR,Whole year,MANIPUR,2003,24.333,93.666,18,135
Carrot,CHURACHANDPUR,Whole year,MANIPUR,2002,24.333,93.666,25,0
Cardamom,DIMAPUR,Kharif,NAGALAND,2006,25.9,93.733,280,430
Cabbage,CHURACHANDPUR,Whole year,MANIPUR,2003,24.333,93.666,45,549
Cabbage,CHURACHANDPUR,Whole year,MANIPUR,2002,24.333,93.666,30,396
Brinjal,CHURACHANDPUR,Whole year,MANIPUR,2003,24.333,93.666,31,146
Brinjal,CHURACHANDPUR,Whole year,MANIPUR,2002,24.333,93.666,41,0
Bottle Gourd,CHURACHANDPUR,Whole year,MANIPUR,2003,24.333,93.666,5,36
Black pepper,UDALGURI,Rabi,ASSAM,2010,26.766,92.133,59,101
Black pepper,UDALGURI,Rabi,ASSAM,2009,26.766,92.133,63,113
Black pepper,UDALGURI,Rabi,ASSAM,2008,26.766,92.133,54,107
Black pepper,UDALGURI,Whole year,ASSAM,2007,26.766,92.133,172,273
Black pepper,HAILAKANDI,Rabi,ASSAM,2010,24.683,92.566,100,193
Black pepper,HAILAKANDI,Rabi,ASSAM,2009,24.683,92.566,39,75
Black pepper,HAILAKANDI,Rabi,ASSAM,2008,24.683,92.566,20,39
Black pepper,HAILAKANDI,Whole year,ASSAM,2007,24.683,92.566,58,112
Bitter Gourd,CHURACHANDPUR,Whole year,MANIPUR,2003,24.333,93.666,1,5
Bhindi,CHURACHANDPUR,Whole year,MANIPUR,2003,24.333,93.666,47,160
Bhindi,CHURACHANDPUR,Whole year,MANIPUR,2002,24.333,93.666,40,0
Beans & Mutter(Vegetable),CHURACHANDPUR,Whole year,MANIPUR,2003,24.333,93.666,103,448
Beans & Mutter(Vegetable),CHURACHANDPUR,Whole year,MANIPUR,2002,24.333,93.666,91,245
Barley,DIMAPUR,Rabi,NAGALAND,2010,25.9,93.733,60,90
Barley,DIMAPUR,Rabi,NAGALAND,2004,25.9,93.733,1310,2230
Barley,DIMAPUR,Rabi,NAGALAND,2003,25.9,93.733,1300,2180
Barley,DIMAPUR,Rabi,NAGALAND,2002,25.9,93.733,940,1700
Barley,DIMAPUR,Rabi,NAGALAND,2001,25.9,93.733,630,1260
Barley,DIMAPUR,Rabi,NAGALAND,2000,25.9,93.733,150,230
Banana,CHURACHANDPUR,Whole year,MANIPUR,2007,24.333,93.666,4400,56590
Banana,CHURACHANDPUR,Whole year,MANIPUR,2006,24.333,93.666,370,4760
Banana,CHURACHANDPUR,Summer,MANIPUR,2006,24.333,93.666,20,260
Banana,CHURACHANDPUR,Whole year,MANIPUR,2005,24.333,93.666,60,770
Banana,CHURACHANDPUR,Whole year,MANIPUR,2004,24.333,93.666,290,3730
Banana,CHURACHANDPUR,Whole year,MANIPUR,2003,24.333,93.666,280,2198
Banana,CHURACHANDPUR,Whole year,MANIPUR,2002,24.333,93.666,2690,1850
Banana,CHURACHANDPUR,Whole year,MANIPUR,2001,24.333,93.666,340,4370
Banana,CHURACHANDPUR,Whole year,MANIPUR,2000,24.333,93.666,470,6050
Banana,CHURACHANDPUR,Whole year,MANIPUR,1999,24.333,93.666,390,5010
Banana,CHURACHANDPUR,Winter,MANIPUR,1998,24.333,93.666,140,1800
Banana,CHURACHANDPUR,Rabi,MANIPUR,1998,24.333,93.666,80,1030
Banana,CHURACHANDPUR,Autumn,MANIPUR,1998,24.333,93.666,130,1670
Banana,UDALGURI,Rabi,ASSAM,2010,26.766,92.133,592,7939
Banana,UDALGURI,Rabi,ASSAM,2009,26.766,92.133,541,7175
Banana,UDALGURI,Whole year,ASSAM,2008,26.766,92.133,1163,16270
Banana,UDALGURI,Whole year,ASSAM,2007,26.766,92.133,1165,15029
Banana,UDALGURI,Whole year,ASSAM,2006,26.766,92.133,718,9262
Banana,UDALGURI,Whole year,ASSAM,2005,26.766,92.133,550,7095
Banana,HAILAKANDI,Rabi,ASSAM,2010,24.683,92.566,1650,20622
Banana,HAILAKANDI,Rabi,ASSAM,2009,24.683,92.566,1665,20769
Banana,HAILAKANDI,Whole year,ASSAM,2008,24.683,92.566,1587,19996
Banana,HAILAKANDI,Whole year,ASSAM,2007,24.683,92.566,1400,17375
Banana,HAILAKANDI,Whole year,ASSAM,2006,24.683,92.566,1350,16756
Banana,HAILAKANDI,Whole year,ASSAM,2005,24.683,92.566,1250,15515
Banana,HAILAKANDI,Whole year,ASSAM,2003,24.683,92.566,1200,14899
Banana,HAILAKANDI,Whole year,ASSAM,2002,24.683,92.566,1150,14272
Banana,HAILAKANDI,Whole year,ASSAM,2000,24.683,92.566,1000,12410
Banana,HAILAKANDI,Whole year,ASSAM,1999,24.683,92.566,1060,13155
Bajra,DIMAPUR,Kharif,NAGALAND,2010,25.9,93.733,50,40
Bajra,DIMAPUR,Kharif,NAGALAND,2005,25.9,93.733,700,660
Bajra,DIMAPUR,Kharif,NAGALAND,2004,25.9,93.733,570,800
Bajra,DIMAPUR,Kharif,NAGALAND,2003,25.9,93.733,550,940
Bajra,DIMAPUR,Kharif,NAGALAND,2002,25.9,93.733,330,1430
Bajra,DIMAPUR,Kharif,NAGALAND,2001,25.9,93.733,200,140
Bajra,DIMAPUR,Kharif,NAGALAND,2000,25.9,93.733,190,160
Arhar,DIMAPUR,Kharif,NAGALAND,2010,25.9,93.733,400,370
Arhar,DIMAPUR,Kharif,NAGALAND,2008,25.9,93.733,460,460
Arhar,DIMAPUR,Kharif,NAGALAND,2007,25.9,93.733,810,980
Arhar,DIMAPUR,Kharif,NAGALAND,2006,25.9,93.733,3160,3670
Arhar,DIMAPUR,Kharif,NAGALAND,2005,25.9,93.733,3060,3120
Arhar,DIMAPUR,Kharif,NAGALAND,2004,25.9,93.733,2790,2580
Arhar,DIMAPUR,Kharif,NAGALAND,2003,25.9,93.733,1100,1110
Arhar,DIMAPUR,Kharif,NAGALAND,2001,25.9,93.733,1600,1020
Arhar,DIMAPUR,Kharif,NAGALAND,2000,25.9,93.733,700,690
Arhar,UDALGURI,Kharif,ASSAM,2010,26.766,92.133,251,150
Arhar,UDALGURI,Kharif,ASSAM,2009,26.766,92.133,316,190
Arhar,UDALGURI,Rabi,ASSAM,2008,26.766,92.133,369,221
Arhar,UDALGURI,Kharif,ASSAM,2007,26.766,92.133,163,98
Arhar,UDALGURI,Kharif,ASSAM,2005,26.766,92.133,222,133
Arhar,HAILAKANDI,Kharif,ASSAM,2010,24.683,92.566,170,118
Arhar,HAILAKANDI,Kharif,ASSAM,2009,24.683,92.566,65,45
Arhar,HAILAKANDI,Rabi,ASSAM,2008,24.683,92.566,60,42
Arhar,HAILAKANDI,Kharif,ASSAM,2007,24.683,92.566,55,38
Arhar,HAILAKANDI,Kharif,ASSAM,2005,24.683,92.566,65,45
Arhar,HAILAKANDI,Kharif,ASSAM,2004,24.683,92.566,60,42
Arhar,HAILAKANDI,Kharif,ASSAM,2003,24.683,92.566,60,42
Arhar,HAILAKANDI,Kharif,ASSAM,2002,24.683,92.566,70,48
Arhar,HAILAKANDI,Kharif,ASSAM,2001,24.683,92.566,70,48
Arhar,HAILAKANDI,Kharif,ASSAM,2000,24.683,92.566,70,48
Arhar,HAILAKANDI,Kharif,ASSAM,1999,24.683,92.566,60,41
Arhar,HAILAKANDI,Kharif,ASSAM,1998,24.683,92.566,45,31
Arecanut,UDALGURI,Rabi,ASSAM,2010,26.766,92.133,2200,1841
Arecanut,UDALGURI,Rabi,ASSAM,2009,26.766,92.133,2098,2024
Arecanut,UDALGURI,Whole year,ASSAM,2007,26.766,92.133,1951,1648
Arecanut,UDALGURI,Whole year,ASSAM,2006,26.766,92.133,1995,1046
Arecanut,HAILAKANDI,Rabi,ASSAM,2010,24.683,92.566,2800,2015
Arecanut,HAILAKANDI,Rabi,ASSAM,2009,24.683,92.566,2805,1425
Arecanut,HAILAKANDI,Whole year,ASSAM,2007,24.683,92.566,2850,783
Arecanut,HAILAKANDI,Whole year,ASSAM,2006,24.683,92.566,2900,1190
Arecanut,HAILAKANDI,Whole year,ASSAM,2005,24.683,92.566,2695,1118
Arecanut,HAILAKANDI,Whole year,ASSAM,2003,24.683,92.566,2690,548
Arecanut,HAILAKANDI,Whole year,ASSAM,2002,24.683,92.566,2700,916
Arecanut,HAILAKANDI,Whole year,ASSAM,2001,24.683,92.566,2650,4092
Arecanut,HAILAKANDI,Whole year,ASSAM,2000,24.683,92.566,2600,1601
Arecanut,HAILAKANDI,Whole year,ASSAM,1999,24.683,92.566,2500,2689
Arecanut,HAILAKANDI,Whole year,ASSAM,1998,24.683,92.566,2400,4292